,record_id,kisi_sayisi,record_date,price,aktif_deger,data_date,tedavuldeki_pay_sayisi,fund_code
0,KTR03122018,0,2020-09-21T18:03:30.292,1.391789,117823416.71,2018-12-03,84656080.0,KTR
1,KTR04122018,2,2020-09-21T18:03:30.302,1.392591,119224751.79,2018-12-04,85613634.0,KTR
2,KTR05122018,0,2020-09-21T18:03:30.31,1.393398,116312692.53,2018-12-05,83474128.0,KTR
3,KTR06122018,0,2020-09-21T18:03:30.317,1.394193,117634061.9,2018-12-06,84374303.0,KTR
4,KTR07122018,0,2020-09-21T18:03:30.322,1.394995,109198934.3,2018-12-07,78279097.0,KTR
5,KTR10122018,0,2020-09-21T18:03:30.328,1.397192,106449428.85,2018-12-10,76188108.0,KTR
6,KTR11122018,0,2020-09-21T18:03:30.331,1.397985,107245977.77,2018-12-11,76714710.0,KTR
7,KTR12122018,0,2020-09-21T18:03:30.339,1.398779,106660665.29,2018-12-12,76252698.0,KTR
8,KTR13122018,0,2020-09-21T18:03:30.343,1.399573,106622485.2,2018-12-13,76182172.0,KTR
9,KTR14122018,0,2020-09-21T18:03:30.348,1.400367,107649051.76,2018-12-14,76872046.0,KTR
10,KTR17122018,0,2020-09-21T18:03:30.356,1.402713,100670029.33,2018-12-17,71768110.0,KTR
11,KTR18122018,0,2020-09-21T18:03:30.36,1.403491,95733234.57,2018-12-18,68210802.0,KTR
12,KTR19122018,0,2020-09-21T18:03:30.368,1.404261,88797893.79,2018-12-19,63234604.0,KTR
13,KTR20122018,0,2020-09-21T18:03:30.373,1.40503,87959261.45,2018-12-20,62603104.0,KTR
14,KTR21122018,0,2020-09-21T18:03:30.377,1.405323,87977064.01,2018-12-21,62602744.0,KTR
15,KTR24122018,0,2020-09-21T18:03:30.384,1.4076,85246698.02,2018-12-24,60561743.0,KTR
16,KTR25122018,0,2020-09-21T18:03:30.388,1.408363,85416747.64,2018-12-25,60649650.0,KTR
17,KTR26122018,0,2020-09-21T18:03:30.403,1.409189,85722423.98,2018-12-26,60831020.0,KTR
18,KTR27122018,0,2020-09-21T18:03:30.407,1.409951,85760980.81,2018-12-27,60825511.0,KTR
19,KTR28122018,0,2020-09-21T18:03:30.411,1.410654,84179880.47,2018-12-28,59674365.0,KTR
20,KTR31122018,0,2020-09-21T18:03:30.417,1.420637,84000893.8,2018-12-31,59129037.0,KTR
21,KTR02012019,0,2020-09-21T18:15:27.434,1.422054,83576408.59,2019-01-02,58771601.0,KTR
22,KTR03012019,0,2020-09-21T18:15:27.43,1.422821,82704217.54,2019-01-03,58126930.0,KTR
23,KTR04012019,0,2020-09-21T18:15:27.427,1.42359,84679963.31,2019-01-04,59483390.0,KTR
24,KTR07012019,0,2020-09-21T18:15:27.423,1.42593,88613431.56,2019-01-07,62144289.0,KTR
25,KTR08012019,0,2020-09-21T18:15:27.42,1.426713,88662087.26,2019-01-08,62144289.0,KTR
26,KTR09012019,0,2020-09-21T18:15:27.416,1.427349,89824073.32,2019-01-09,62930717.0,KTR
27,KTR10012019,0,2020-09-21T18:15:27.412,1.42813,90172722.69,2019-01-10,63140420.0,KTR
28,KTR11012019,0,2020-09-21T18:15:27.409,1.428909,92865628.54,2019-01-11,64990587.0,KTR
29,KTR14012019,0,2020-09-21T18:15:27.405,1.431257,93126229.76,2019-01-14,65066040.0,KTR
30,KTR15012019,0,2020-09-21T18:15:27.402,1.432038,93241811.88,2019-01-15,65111278.0,KTR
31,KTR16012019,0,2020-09-21T18:15:27.398,1.432818,92002724.49,2019-01-16,64211022.0,KTR
32,KTR17012019,0,2020-09-21T18:15:27.394,1.433606,95604040.63,2019-01-17,66687815.0,KTR
33,KTR18012019,0,2020-09-21T18:15:27.391,1.434391,95555662.63,2019-01-18,66617565.0,KTR
34,KTR21012019,0,2020-09-21T18:15:27.387,1.436746,97747376.66,2019-01-21,68033838.0,KTR
35,KTR22012019,0,2020-09-21T18:15:27.383,1.437533,97810861.07,2019-01-22,68040798.0,KTR
36,KTR23012019,0,2020-09-21T18:15:27.38,1.43836,94715124.34,2019-01-23,65849388.0,KTR
37,KTR24012019,0,2020-09-21T18:15:27.376,1.439155,85353504.02,2019-01-24,59308051.0,KTR
38,KTR25012019,0,2020-09-21T18:15:27.373,1.439942,85820320.88,2019-01-25,59599828.0,KTR
39,KTR28012019,0,2020-09-21T18:15:27.369,1.442305,87251345.44,2019-01-28,60494374.0,KTR
40,KTR29012019,0,2020-09-21T18:15:27.365,1.443096,87299177.95,2019-01-29,60494374.0,KTR
41,KTR30012019,0,2020-09-21T18:15:27.359,1.44388,86963119.92,2019-01-30,60228782.0,KTR
42,KTR31012019,0,2020-09-21T18:15:27.353,1.444662,86841046.47,2019-01-31,60111689.0,KTR
43,KTR01022019,0,2020-09-21T18:15:27.349,1.445447,97101650.93,2019-02-01,67177592.0,KTR
44,KTR04022019,2,2020-09-21T18:15:27.345,1.447818,97096944.23,2019-02-04,67064309.0,KTR
45,KTR05022019,0,2020-09-21T18:15:27.342,1.448614,97143238.89,2019-02-05,67059421.0,KTR
46,KTR06022019,0,2020-09-21T18:15:27.338,1.449411,96030311.86,2019-02-06,66254735.0,KTR
47,KTR07022019,0,2020-09-21T18:15:27.335,1.450201,96066453.91,2019-02-07,66243528.0,KTR
48,KTR08022019,0,2020-09-21T18:15:27.331,1.450994,96019437.78,2019-02-08,66174947.0,KTR
49,KTR11022019,0,2020-09-21T18:15:27.327,1.453233,96142489.64,2019-02-11,66157638.0,KTR
50,KTR12022019,0,2020-09-21T18:15:27.323,1.454004,103197191.66,2019-02-12,70974484.0,KTR
51,KTR13022019,0,2020-09-21T18:15:27.319,1.454802,103536550.5,2019-02-13,71168834.0,KTR
52,KTR14022019,0,2020-09-21T18:15:27.315,1.45521,103565598.59,2019-02-14,71168834.0,KTR
53,KTR15022019,0,2020-09-21T18:15:27.311,1.455992,108870328.1,2019-02-15,74774006.0,KTR
54,KTR18022019,0,2020-09-21T18:15:27.307,1.458326,106849910.92,2019-02-18,73268881.0,KTR
55,KTR19022019,0,2020-09-21T18:15:27.303,1.45911,106957378.07,2019-02-19,73303166.0,KTR
56,KTR20022019,0,2020-09-21T18:15:27.299,1.45989,107168188.89,2019-02-20,73408417.0,KTR
57,KTR21022019,0,2020-09-21T18:15:27.295,1.460788,107717522.86,2019-02-21,73739315.0,KTR
58,KTR22022019,0,2020-09-21T18:15:27.291,1.461565,107774769.06,2019-02-22,73739315.0,KTR
59,KTR25022019,0,2020-09-21T18:15:27.196,1.463897,107996500.48,2019-02-25,73773284.0,KTR
60,KTR26022019,0,2020-09-21T18:15:27.189,1.464681,107329943.1,2019-02-26,73278740.0,KTR
61,KTR27022019,0,2020-09-21T18:15:27.182,1.462291,107893625.59,2019-02-27,73783960.0,KTR
62,KTR28022019,0,2020-09-21T18:15:27.176,1.463058,103788433.5,2019-02-28,70939385.0,KTR
63,KTR01032019,0,2020-09-21T18:15:27.17,1.463823,103256352.05,2019-03-01,70538834.0,KTR
64,KTR04032019,0,2020-09-21T18:15:27.164,1.466104,103382991.04,2019-03-04,70515452.0,KTR
65,KTR05032019,0,2020-09-21T18:15:27.159,1.46687,103439979.53,2019-03-05,70517496.0,KTR
66,KTR06032019,0,2020-09-21T18:15:27.153,1.467635,102057449.27,2019-03-06,69538721.0,KTR
67,KTR07032019,0,2020-09-21T18:15:27.147,1.4684,91192032.35,2019-03-07,62102993.0,KTR
68,KTR08032019,0,2020-09-21T18:15:27.141,1.469157,85099769.3,2019-03-08,57924233.0,KTR
69,KTR11032019,0,2020-09-21T18:15:27.135,1.471279,86239409.52,2019-03-11,58615280.0,KTR
70,KTR12032019,0,2020-09-21T18:15:27.13,1.411736,82749952.27,2019-03-12,58615758.0,KTR
71,KTR13032019,0,2020-09-21T18:15:27.123,1.412457,82744560.99,2019-03-13,58581985.0,KTR
72,KTR14032019,0,2020-09-21T18:15:27.117,1.413186,82333149.93,2019-03-14,58260666.0,KTR
73,KTR15032019,0,2020-09-21T18:15:27.111,1.413909,81212490.49,2019-03-15,57438291.0,KTR
74,KTR18032019,0,2020-09-21T18:15:27.105,1.416071,79638647.69,2019-03-18,56239147.0,KTR
75,KTR19032019,0,2020-09-21T18:15:27.099,1.416794,79364363.54,2019-03-19,56016878.0,KTR
76,KTR20032019,0,2020-09-21T18:15:27.094,1.417516,78973693.27,2019-03-20,55712739.0,KTR
77,KTR21032019,0,2020-09-21T18:15:27.087,1.418238,78193831.66,2019-03-21,55134498.0,KTR
78,KTR22032019,2,2020-09-21T18:15:27.081,1.42275,76676778.1,2019-03-22,53893358.0,KTR
79,KTR25032019,0,2020-09-21T18:15:27.074,1.424918,75223759.12,2019-03-25,52791637.0,KTR
80,KTR26032019,0,2020-09-21T18:15:27.067,1.425641,75186375.47,2019-03-26,52738637.0,KTR
81,KTR27032019,0,2020-09-21T18:15:27.06,1.426365,75163202.64,2019-03-27,52695637.0,KTR
82,KTR28032019,0,2020-09-21T18:15:27.051,1.427088,74676624.74,2019-03-28,52327965.0,KTR
83,KTR29032019,0,2020-09-21T18:15:27.035,1.427812,74643105.17,2019-03-29,52277965.0,KTR
84,KTR01042019,0,2020-09-21T18:16:40.81,1.427396,74421214.12,2019-04-01,52137749.0,KTR
85,KTR02042019,0,2020-09-21T18:16:40.806,1.428137,74308465.4,2019-04-02,52031748.0,KTR
86,KTR03042019,0,2020-09-21T18:16:40.802,1.428902,74486863.61,2019-04-03,52128727.0,KTR
87,KTR04042019,0,2020-09-21T18:16:40.798,1.429658,73501484.82,2019-04-04,51411940.0,KTR
88,KTR05042019,0,2020-09-21T18:16:40.793,1.430372,72986100.61,2019-04-05,51025940.0,KTR
89,KTR08042019,0,2020-09-21T18:16:40.788,1.432597,73099601.92,2019-04-08,51025940.0,KTR
90,KTR09042019,0,2020-09-21T18:16:40.784,1.43334,73137512.21,2019-04-09,51025940.0,KTR
91,KTR10042019,0,2020-09-21T18:16:40.779,1.433893,73165745.65,2019-04-10,51025940.0,KTR
92,KTR11042019,0,2020-09-21T18:16:40.775,1.434637,73203679.33,2019-04-11,51025940.0,KTR
93,KTR12042019,0,2020-09-21T18:16:40.767,1.435362,73240672.35,2019-04-12,51025940.0,KTR
94,KTR15042019,0,2020-09-21T18:16:40.762,1.437596,73353481.93,2019-04-15,51025118.0,KTR
95,KTR16042019,0,2020-09-21T18:16:40.758,1.438341,73391537.17,2019-04-16,51025118.0,KTR
96,KTR17042019,0,2020-09-21T18:16:40.753,1.43911,72779012.33,2019-04-17,50572225.0,KTR
97,KTR18042019,2,2020-09-21T18:16:40.748,1.439859,72725777.62,2019-04-18,50508958.0,KTR
98,KTR19042019,0,2020-09-21T18:16:40.744,1.440605,72763476.24,2019-04-19,50508958.0,KTR
99,KTR22042019,0,2020-09-21T18:16:40.739,1.442847,72876451.88,2019-04-22,50508788.0,KTR
100,KTR24042019,0,2020-09-21T18:16:40.733,1.444343,72624146.84,2019-04-24,50281788.0,KTR
101,KTR25042019,0,2020-09-21T18:16:40.728,1.445092,72660895.31,2019-04-25,50281168.0,KTR
102,KTR26042019,0,2020-09-21T18:16:40.721,1.445841,72606910.51,2019-04-26,50217780.0,KTR
103,KTR29042019,0,2020-09-21T18:16:40.715,1.44809,72719867.11,2019-04-29,50217780.0,KTR
104,KTR30042019,0,2020-09-21T18:16:40.71,1.448841,72757561.51,2019-04-30,50217780.0,KTR
105,KTR02052019,0,2020-09-21T18:16:40.593,1.458239,72477455.86,2019-05-02,49702038.0,KTR
106,KTR03052019,0,2020-09-21T18:16:40.589,1.458979,70757015.33,2019-05-03,48497635.0,KTR
107,KTR06052019,0,2020-09-21T18:16:40.583,1.461186,70964139.21,2019-05-06,48566139.0,KTR
108,KTR07052019,0,2020-09-21T18:16:40.579,1.461923,70999935.04,2019-05-07,48566139.0,KTR
109,KTR08052019,0,2020-09-21T18:16:40.574,1.462659,70976899.24,2019-05-08,48525921.0,KTR
110,KTR09052019,0,2020-09-21T18:16:40.569,1.463397,71006703.39,2019-05-09,48521847.0,KTR
111,KTR10052019,0,2020-09-21T18:16:40.565,1.463985,70903142.7,2019-05-10,48431601.0,KTR
112,KTR13052019,0,2020-09-21T18:16:40.558,1.466198,71010304.12,2019-05-13,48431601.0,KTR
113,KTR14052019,0,2020-09-21T18:16:40.553,1.466937,71036079.92,2019-05-14,48424771.0,KTR
114,KTR15052019,0,2020-09-21T18:16:40.547,1.467682,71062747.58,2019-05-15,48418345.0,KTR
115,KTR16052019,0,2020-09-21T18:16:40.542,1.470079,71938654.77,2019-05-16,48935230.0,KTR
116,KTR17052019,0,2020-09-21T18:16:40.537,1.47087,72037379.66,2019-05-17,48976043.0,KTR
117,KTR20052019,0,2020-09-21T18:16:40.532,1.473243,72153599.37,2019-05-20,48976043.0,KTR
118,KTR21052019,0,2020-09-21T18:16:40.526,1.474033,72207206.43,2019-05-21,48986160.0,KTR
119,KTR22052019,0,2020-09-21T18:16:40.52,1.474847,72387174.99,2019-05-22,49081137.0,KTR
120,KTR23052019,0,2020-09-21T18:16:40.515,1.475641,76001357.04,2019-05-23,51503954.0,KTR
121,KTR24052019,0,2020-09-21T18:16:40.51,1.476438,76024380.9,2019-05-24,51491750.0,KTR
122,KTR27052019,0,2020-09-21T18:16:40.504,1.478827,77862438.6,2019-05-27,52651485.0,KTR
123,KTR28052019,0,2020-09-21T18:16:40.499,1.479625,77519771.67,2019-05-28,52391485.0,KTR
124,KTR29052019,0,2020-09-21T18:16:40.493,1.482163,77850380.83,2019-05-29,52524838.0,KTR
125,KTR30052019,0,2020-09-21T18:16:40.487,1.483072,78018235.74,2019-05-30,52605835.0,KTR
126,KTR31052019,0,2020-09-21T18:16:40.482,1.483997,77679945.02,2019-05-31,52345068.0,KTR
127,KTR03062019,0,2020-09-21T18:16:40.477,1.486738,78987379.42,2019-06-03,53127963.0,KTR
128,KTR07062019,0,2020-09-21T18:16:40.471,1.490408,79177785.0,2019-06-07,53124908.0,KTR
129,KTR10062019,0,2020-09-21T18:16:40.465,1.493179,79324975.49,2019-06-10,53124908.0,KTR
130,KTR11062019,0,2020-09-21T18:16:40.459,1.4941,77909000.25,2019-06-11,52144418.0,KTR
131,KTR12062019,0,2020-09-21T18:16:40.453,1.495022,77942614.16,2019-06-12,52134771.0,KTR
132,KTR13062019,0,2020-09-21T18:16:40.447,1.495799,77761090.73,2019-06-13,51986340.0,KTR
133,KTR14062019,0,2020-09-21T18:16:40.441,1.496728,77321537.25,2019-06-14,51660368.0,KTR
134,KTR17062019,0,2020-09-21T18:16:40.436,1.499523,74096293.28,2019-06-17,49413234.0,KTR
135,KTR18062019,0,2020-09-21T18:16:40.433,1.500454,74642618.73,2019-06-18,49746673.0,KTR
136,KTR19062019,0,2020-09-21T18:16:40.43,1.501392,72570738.52,2019-06-19,48335651.0,KTR
137,KTR20062019,2,2020-09-21T18:16:40.427,1.50294,65395814.2,2019-06-20,43511917.0,KTR
138,KTR21062019,0,2020-09-21T18:16:40.423,1.547801,67347773.16,2019-06-21,43511917.0,KTR
139,KTR24062019,0,2020-09-21T18:16:40.42,1.550713,67474507.66,2019-06-24,43511917.0,KTR
140,KTR25062019,0,2020-09-21T18:16:40.417,1.551687,65228147.28,2019-06-25,42036917.0,KTR
141,KTR26062019,0,2020-09-21T18:16:40.413,1.552662,65288155.09,2019-06-26,42049161.0,KTR
142,KTR27062019,0,2020-09-21T18:16:40.41,1.553638,65344658.24,2019-06-27,42059132.0,KTR
143,KTR28062019,0,2020-09-21T18:16:40.405,1.554638,67393023.89,2019-06-28,43349650.0,KTR
144,KTR01072019,34,2020-09-21T18:25:17.788,1.557486,67516510.99,2019-07-01,43349662.0,KTR
145,KTR02072019,36,2020-09-21T18:25:17.78,1.558464,67322771.15,2019-07-02,43198150.0,KTR
146,KTR03072019,37,2020-09-21T18:25:17.773,1.559426,68198645.1,2019-07-03,43733176.0,KTR
147,KTR04072019,37,2020-09-21T18:25:17.765,1.560399,68282244.09,2019-07-04,43759467.0,KTR
148,KTR05072019,37,2020-09-21T18:25:17.759,1.561419,68320855.78,2019-07-05,43755620.0,KTR
149,KTR08072019,37,2020-09-21T18:25:17.752,1.563083,68509741.68,2019-07-08,43829881.0,KTR
150,KTR09072019,37,2020-09-21T18:25:17.743,1.563894,67653521.57,2019-07-09,43259660.0,KTR
151,KTR10072019,38,2020-09-21T18:25:17.735,1.564868,67911531.49,2019-07-10,43397612.0,KTR
152,KTR11072019,38,2020-09-21T18:25:17.728,1.565854,68323446.48,2019-07-11,43633350.0,KTR
153,KTR12072019,38,2020-09-21T18:25:17.72,1.566863,68359444.52,2019-07-12,43628234.0,KTR
154,KTR16072019,38,2020-09-21T18:25:17.713,1.570728,68504213.76,2019-07-16,43613044.0,KTR
155,KTR17072019,39,2020-09-21T18:25:17.707,1.571687,68551069.44,2019-07-17,43616227.0,KTR
156,KTR18072019,39,2020-09-21T18:25:17.699,1.572698,65682035.61,2019-07-18,41763914.0,KTR
157,KTR19072019,39,2020-09-21T18:25:17.689,1.573701,65728878.57,2019-07-19,41767061.0,KTR
158,KTR22072019,38,2020-09-21T18:25:17.682,1.576716,64766001.41,2019-07-22,41076509.0,KTR
159,KTR23072019,38,2020-09-21T18:25:17.675,1.578042,64812561.91,2019-07-23,41071509.0,KTR
160,KTR24072019,38,2020-09-21T18:25:17.67,1.579045,64886795.26,2019-07-24,41092420.0,KTR
161,KTR25072019,38,2020-09-21T18:25:17.66,1.580067,64934795.51,2019-07-25,41096219.0,KTR
162,KTR26072019,38,2020-09-21T18:25:17.656,1.581058,64981494.73,2019-07-26,41100016.0,KTR
163,KTR29072019,38,2020-09-21T18:25:17.652,1.584031,65108215.0,2019-07-29,41102862.0,KTR
164,KTR30072019,38,2020-09-21T18:25:17.646,1.585027,65149145.12,2019-07-30,41102862.0,KTR
165,KTR31072019,38,2020-09-21T18:25:17.64,1.586043,65190887.1,2019-07-31,41102862.0,KTR
166,KTR01082019,38,2020-09-21T18:25:17.636,1.587235,65417941.72,2019-08-01,41215027.0,KTR
167,KTR02082019,37,2020-09-21T18:25:17.63,1.588256,65460014.55,2019-08-02,41215027.0,KTR
168,KTR05082019,38,2020-09-21T18:25:17.626,1.591394,65666035.18,2019-08-05,41263228.0,KTR
169,KTR06082019,38,2020-09-21T18:25:17.621,1.592395,65727278.99,2019-08-06,41275750.0,KTR
170,KTR07082019,38,2020-09-21T18:25:17.615,1.593317,66073039.98,2019-08-07,41468855.0,KTR
171,KTR08082019,40,2020-09-21T18:25:17.61,1.594324,66119773.47,2019-08-08,41471993.0,KTR
172,KTR09082019,42,2020-09-21T18:25:17.501,1.595255,68161167.02,2019-08-09,42727443.0,KTR
173,KTR15082019,43,2020-09-21T18:25:17.492,1.60117,69013391.6,2019-08-15,43101859.0,KTR
174,KTR16082019,44,2020-09-21T18:25:17.482,1.596012,68813482.93,2019-08-16,43115905.0,KTR
175,KTR19082019,45,2020-09-21T18:25:17.475,1.598975,70813079.12,2019-08-19,44286556.0,KTR
176,KTR20082019,46,2020-09-21T18:25:17.467,1.599832,70882062.78,2019-08-20,44305942.0,KTR
177,KTR21082019,46,2020-09-21T18:25:17.461,1.6009,71255053.47,2019-08-21,44509371.0,KTR
178,KTR22082019,45,2020-09-21T18:25:17.449,1.601878,71562252.85,2019-08-22,44673962.0,KTR
179,KTR23082019,46,2020-09-21T18:25:17.44,1.602893,71283083.5,2019-08-23,44471504.0,KTR
180,KTR26082019,46,2020-09-21T18:25:17.429,1.605552,72028819.47,2019-08-26,44862342.0,KTR
181,KTR27082019,45,2020-09-21T18:25:17.414,1.606905,72093034.5,2019-08-27,44864521.0,KTR
182,KTR28082019,45,2020-09-21T18:25:17.4,1.60606,70760102.45,2019-08-28,44058198.0,KTR
183,KTR29082019,44,2020-09-21T18:25:17.389,1.606692,69551144.3,2019-08-29,43288399.0,KTR
184,KTR02092019,44,2020-09-21T18:25:17.38,1.609702,68892319.27,2019-09-02,42798177.0,KTR
185,KTR03092019,44,2020-09-21T18:25:17.37,1.610499,68781488.14,2019-09-03,42708177.0,KTR
186,KTR04092019,43,2020-09-21T18:25:17.354,1.611189,68810440.97,2019-09-04,42707867.0,KTR
187,KTR05092019,39,2020-09-21T18:25:17.347,1.611513,66798218.35,2019-09-05,41450623.0,KTR
188,KTR06092019,39,2020-09-21T18:25:17.336,1.61205,65546884.01,2019-09-06,40660567.0,KTR
189,KTR09092019,39,2020-09-21T18:25:17.328,1.614201,65634340.33,2019-09-09,40660567.0,KTR
190,KTR10092019,38,2020-09-21T18:25:17.322,1.614757,65656937.14,2019-09-10,40660567.0,KTR
191,KTR11092019,38,2020-09-21T18:25:17.316,1.6155,65679081.05,2019-09-11,40655586.0,KTR
192,KTR12092019,38,2020-09-21T18:25:17.306,1.61624,65709190.69,2019-09-12,40655586.0,KTR
193,KTR13092019,38,2020-09-21T18:25:17.296,1.616977,65739151.89,2019-09-13,40655586.0,KTR
194,KTR16092019,38,2020-09-21T18:25:17.287,1.619301,65753485.87,2019-09-16,40606080.0,KTR
195,KTR17092019,38,2020-09-21T18:25:17.277,1.620039,65783429.43,2019-09-17,40606080.0,KTR
196,KTR18092019,38,2020-09-21T18:25:17.267,1.621085,65795880.07,2019-09-18,40587553.0,KTR
197,KTR19092019,39,2020-09-21T18:25:17.257,1.621852,65827022.76,2019-09-19,40587553.0,KTR
198,KTR20092019,39,2020-09-21T18:25:17.251,1.623871,66159249.36,2019-09-20,40741697.0,KTR
199,KTR23092019,38,2020-09-21T18:25:17.243,1.628865,65004264.73,2019-09-23,39907697.0,KTR
200,KTR24092019,38,2020-09-21T18:25:17.237,1.629618,63154030.59,2019-09-24,38753878.0,KTR
201,KTR25092019,39,2020-09-21T18:25:17.231,1.630356,63232640.69,2019-09-25,38784560.0,KTR
202,KTR26092019,39,2020-09-21T18:25:17.226,1.631213,65066833.71,2019-09-26,39888613.0,KTR
203,KTR27092019,39,2020-09-21T18:25:17.219,1.63194,65195368.63,2019-09-27,39949602.0,KTR
204,KTR30092019,39,2020-09-21T18:25:17.21,1.634124,65282596.69,2019-09-30,39949602.0,KTR
205,KTR01102019,39,2020-09-21T18:26:12.715,1.634841,65311236.86,2019-10-01,39949602.0,KTR
206,KTR02102019,40,2020-09-21T18:26:12.71,1.635554,65339729.3,2019-10-02,39949602.0,KTR
207,KTR03102019,40,2020-09-21T18:26:12.703,1.636291,66569702.82,2019-10-03,40683297.0,KTR
208,KTR04102019,39,2020-09-21T18:26:12.7,1.636948,68027000.29,2019-10-04,41557224.0,KTR
209,KTR07102019,39,2020-09-21T18:26:12.695,1.639188,67017650.41,2019-10-07,40884670.0,KTR
210,KTR08102019,39,2020-09-21T18:26:12.69,1.639894,67116554.44,2019-10-08,40927374.0,KTR
211,KTR09102019,39,2020-09-21T18:26:12.683,1.640631,66649279.11,2019-10-09,40624175.0,KTR
212,KTR10102019,41,2020-09-21T18:26:12.68,1.641194,66672164.24,2019-10-10,40624175.0,KTR
213,KTR11102019,41,2020-09-21T18:26:12.676,1.64165,67873185.48,2019-10-11,41344503.0,KTR
214,KTR14102019,41,2020-09-21T18:26:12.672,1.64382,67962926.4,2019-10-14,41344503.0,KTR
215,KTR15102019,42,2020-09-21T18:26:12.668,1.644543,67992828.26,2019-10-15,41344503.0,KTR
216,KTR16102019,42,2020-09-21T18:26:12.664,1.64527,68085883.21,2019-10-16,41382811.0,KTR
217,KTR17102019,42,2020-09-21T18:26:12.66,1.646,65881321.84,2019-10-17,40025109.0,KTR
218,KTR18102019,40,2020-09-21T18:26:12.656,1.646735,66210894.31,2019-10-18,40207369.0,KTR
219,KTR21102019,40,2020-09-21T18:26:12.651,1.648932,66063855.9,2019-10-21,40064628.0,KTR
220,KTR22102019,41,2020-09-21T18:26:12.647,1.649665,66093218.47,2019-10-22,40064628.0,KTR
221,KTR23102019,40,2020-09-21T18:26:12.643,1.650431,64670397.73,2019-10-23,39183951.0,KTR
222,KTR24102019,41,2020-09-21T18:26:12.639,1.651169,64596491.64,2019-10-24,39121674.0,KTR
223,KTR25102019,43,2020-09-21T18:26:12.636,1.651897,66363308.11,2019-10-25,40173993.0,KTR
224,KTR28102019,43,2020-09-21T18:26:12.632,1.654065,69893508.39,2019-10-28,42255609.0,KTR
225,KTR30102019,43,2020-09-21T18:26:12.627,1.655514,69954769.63,2019-10-30,42255609.0,KTR
226,KTR31102019,43,2020-09-21T18:26:12.622,1.656239,69985393.83,2019-10-31,42255609.0,KTR
227,KTR01112019,45,2020-09-21T18:26:12.616,1.656978,69546063.1,2019-11-01,41971622.0,KTR
228,KTR04112019,45,2020-09-21T18:26:12.611,1.65909,77789064.85,2019-11-04,46886593.0,KTR
229,KTR05112019,45,2020-09-21T18:26:12.607,1.659826,77823575.77,2019-11-05,46886593.0,KTR
230,KTR06112019,45,2020-09-21T18:26:12.603,1.660529,78293142.6,2019-11-06,47149519.0,KTR
231,KTR07112019,45,2020-09-21T18:26:12.598,1.661228,78326078.81,2019-11-07,47149519.0,KTR
232,KTR08112019,45,2020-09-21T18:26:12.594,1.66193,78409227.99,2019-11-08,47179617.0,KTR
233,KTR11112019,45,2020-09-21T18:26:12.589,1.664063,78509870.2,2019-11-11,47179617.0,KTR
234,KTR12112019,45,2020-09-21T18:26:12.585,1.664623,78536266.09,2019-11-12,47179617.0,KTR
235,KTR13112019,45,2020-09-21T18:26:11.746,1.665333,78569773.61,2019-11-13,47179617.0,KTR
236,KTR14112019,45,2020-09-21T18:26:11.737,1.666037,78612968.0,2019-11-14,47185621.0,KTR
237,KTR15112019,45,2020-09-21T18:26:11.727,1.666022,78622290.87,2019-11-15,47191623.0,KTR
238,KTR18112019,45,2020-09-21T18:26:11.716,1.668165,78462976.53,2019-11-18,47035503.0,KTR
239,KTR19112019,47,2020-09-21T18:26:11.705,1.668829,78494226.41,2019-11-19,47035503.0,KTR
240,KTR20112019,47,2020-09-21T18:26:11.693,1.669499,79756184.25,2019-11-20,47772523.0,KTR
241,KTR21112019,47,2020-09-21T18:26:11.682,1.670164,80283596.34,2019-11-21,48069303.0,KTR
242,KTR22112019,47,2020-09-21T18:26:11.674,1.673335,79067282.23,2019-11-22,47251304.0,KTR
243,KTR25112019,47,2020-09-21T18:26:11.662,1.675299,78373435.81,2019-11-25,46781751.0,KTR
244,KTR26112019,46,2020-09-21T18:26:11.653,1.675988,78405674.35,2019-11-26,46781751.0,KTR
245,KTR27112019,47,2020-09-21T18:26:11.643,1.674864,76680779.29,2019-11-27,45783274.0,KTR
246,KTR28112019,47,2020-09-21T18:26:11.636,1.675451,79305284.01,2019-11-28,47333707.0,KTR
247,KTR29112019,48,2020-09-21T18:26:11.631,1.676181,79339879.94,2019-11-29,47333707.0,KTR
248,KTR02122019,48,2020-09-22T13:42:56.809,1.677904,82454545.67,2019-12-02,49141387.0,KTR
249,KTR03122019,48,2020-09-22T13:42:56.797,1.678415,82434587.6,2019-12-03,49114540.0,KTR
250,KTR04122019,46,2020-09-22T13:42:56.785,1.679014,82313563.76,2019-12-04,49024941.0,KTR
251,KTR05122019,46,2020-09-22T13:42:56.774,1.679635,82293484.67,2019-12-05,48994856.0,KTR
252,KTR06122019,46,2020-09-22T13:42:56.761,1.680224,82261536.54,2019-12-06,48958670.0,KTR
253,KTR09122019,46,2020-09-22T13:42:56.75,1.681941,82315471.03,2019-12-09,48940770.0,KTR
254,KTR10122019,46,2020-09-22T13:42:56.737,1.682543,82344933.04,2019-12-10,48940770.0,KTR
255,KTR11122019,46,2020-09-22T13:42:56.725,1.682946,82134518.78,2019-12-11,48804001.0,KTR
256,KTR12122019,44,2020-09-22T13:42:56.71,1.683553,81963978.18,2019-12-12,48685118.0,KTR
257,KTR13122019,44,2020-09-22T13:42:56.697,1.684102,77292956.02,2019-12-13,45895655.0,KTR
258,KTR16122019,44,2020-09-22T13:42:56.684,1.685854,77373379.23,2019-12-16,45895655.0,KTR
259,KTR17122019,44,2020-09-22T13:42:56.669,1.686425,77399590.19,2019-12-17,45895655.0,KTR
260,KTR18122019,44,2020-09-22T13:42:56.654,1.687032,77289535.2,2019-12-18,45813919.0,KTR
261,KTR19122019,44,2020-09-22T13:42:56.021,1.687594,77308303.16,2019-12-19,45809764.0,KTR
262,KTR20122019,44,2020-09-22T13:42:56.012,1.688142,77333367.44,2019-12-20,45809764.0,KTR
263,KTR23122019,44,2020-09-22T13:42:56.004,1.692291,77523439.72,2019-12-23,45809764.0,KTR
264,KTR24122019,44,2020-09-22T13:42:55.996,1.692907,77450100.81,2019-12-24,45749764.0,KTR
265,KTR25122019,44,2020-09-22T13:42:55.986,1.693462,75573741.83,2019-12-25,44626764.0,KTR
266,KTR26122019,45,2020-09-22T13:42:55.977,1.694076,75491016.95,2019-12-26,44561764.0,KTR
267,KTR27122019,45,2020-09-22T13:42:55.968,1.694653,75928760.03,2019-12-27,44804898.0,KTR
268,KTR30122019,44,2020-09-22T13:42:55.958,1.696373,75855670.35,2019-12-30,44716384.0,KTR
269,KTR31122019,44,2020-09-22T13:42:55.941,1.696935,75529915.71,2019-12-31,44509620.0,KTR
270,KTR02012020,44,2020-11-20T11:03:59.162,1.698085,76322529.21,2020-01-02,44946236.0,KTR
271,KTR03012020,45,2020-11-20T11:03:59.14,1.698573,76344461.7,2020-01-03,44946236.0,KTR
272,KTR06012020,45,2020-11-20T11:03:59.119,1.700358,78857251.43,2020-01-06,46376848.0,KTR
273,KTR07012020,44,2020-11-20T11:03:59.096,1.700874,78881183.24,2020-01-07,46376848.0,KTR
274,KTR08012020,44,2020-11-20T11:03:59.074,1.701482,76706743.55,2020-01-08,45082323.0,KTR
275,KTR09012020,44,2020-11-20T11:03:58.313,1.702038,76731809.52,2020-01-09,45082323.0,KTR
276,KTR10012020,45,2020-11-20T11:03:58.286,1.702628,76758426.81,2020-01-10,45082323.0,KTR
277,KTR13012020,45,2020-11-20T11:03:58.266,1.704255,78868092.33,2020-01-13,46277173.0,KTR
278,KTR14012020,45,2020-11-20T11:03:58.246,1.704777,78892267.35,2020-01-14,46277173.0,KTR
279,KTR15012020,45,2020-11-20T11:03:58.217,1.70528,79028866.83,2020-01-15,46343634.0,KTR
280,KTR16012020,45,2020-02-19T10:27:39.261,1.705936,79059290.21,2020-01-16,46343634.0,KTR
281,KTR17012020,45,2020-02-19T10:27:39.261,1.706684,79207618.15,2020-01-17,46410245.0,KTR
282,KTR20012020,45,2020-02-19T10:27:39.261,1.708353,79285067.62,2020-01-20,46410245.0,KTR
283,KTR21012020,45,2020-02-19T10:27:39.261,1.715825,79631851.1,2020-01-21,46410245.0,KTR
284,KTR22012020,46,2020-02-19T10:27:39.261,1.716669,79520198.93,2020-01-22,46322395.0,KTR
285,KTR23012020,46,2020-02-19T10:27:39.261,1.717217,80796012.05,2020-01-23,47050549.0,KTR
286,KTR24012020,46,2020-02-19T10:27:39.261,1.717781,81002599.06,2020-01-24,47155369.0,KTR
287,KTR27012020,47,2020-02-19T10:27:39.261,1.719426,81507620.97,2020-01-27,47403974.0,KTR
288,KTR28012020,47,2020-02-19T10:27:39.26,1.71997,82638530.92,2020-01-28,48046501.0,KTR
289,KTR29012020,48,2020-02-19T10:27:39.26,1.720498,82061546.71,2020-01-29,47696384.0,KTR
290,KTR30012020,50,2020-02-19T10:27:39.26,1.721008,82406968.12,2020-01-30,47882957.0,KTR
291,KTR31012020,51,2020-02-19T10:27:39.26,1.721548,85517770.87,2020-01-31,49674929.0,KTR
292,KTR03022020,51,2020-11-20T11:02:41.504,1.723162,86207337.86,2020-02-03,50028586.0,KTR
293,KTR04022020,53,2020-11-20T11:02:41.478,1.723472,86933013.5,2020-02-04,50440618.0,KTR
294,KTR05022020,55,2020-11-20T11:02:41.439,1.72396,106298249.3,2020-02-05,61659341.0,KTR
295,KTR06022020,56,2020-11-20T11:02:41.36,1.72452,107697882.66,2020-02-06,62450923.0,KTR
296,KTR07022020,58,2020-11-20T11:02:41.321,1.725023,107663197.01,2020-02-07,62412628.0,KTR
297,KTR10022020,58,2020-11-20T11:02:41.298,1.726555,110096291.28,2020-02-10,63766469.0,KTR
298,KTR11022020,58,2020-11-20T11:02:41.275,1.726961,110021280.55,2020-02-11,63708019.0,KTR
299,KTR12022020,58,2020-11-20T11:02:41.251,1.727334,109813543.59,2020-02-12,63574019.0,KTR
300,KTR13022020,58,2020-11-20T11:02:41.223,1.727806,110493753.87,2020-02-13,63950321.0,KTR
301,KTR14022020,58,2020-11-20T11:02:41.2,1.727925,110501338.71,2020-02-14,63950321.0,KTR
302,KTR17022020,58,2020-11-20T11:06:14.159,1.729398,110575667.78,2020-02-17,63938821.0,KTR
303,KTR18022020,61,2020-11-20T11:06:14.131,1.729905,110758154.17,2020-02-18,64025556.0,KTR
304,KTR19022020,63,2020-11-20T11:06:14.107,1.730403,115341071.75,2020-02-19,66655629.0,KTR
305,KTR20022020,63,2020-11-20T11:06:14.085,1.730874,114890316.46,2020-02-20,66377061.0,KTR
306,KTR21022020,67,2020-11-20T11:06:14.063,1.734808,114723358.19,2020-02-21,66130276.0,KTR
307,KTR24022020,67,2020-11-20T11:06:14.041,1.736351,118605254.64,2020-02-24,68307182.0,KTR
308,KTR25022020,66,2020-11-20T11:06:14.019,1.7368,120299774.27,2020-02-25,69265205.0,KTR
309,KTR26022020,67,2020-11-20T11:06:13.994,1.734166,123012090.61,2020-02-26,70934435.0,KTR
310,KTR27022020,66,2020-11-20T11:06:13.969,1.733843,125132144.23,2020-02-27,72170410.0,KTR
311,KTR28022020,66,2020-11-20T11:06:13.939,1.734243,125514106.49,2020-02-28,72373982.0,KTR
312,KTR02032020,67,2020-11-20T11:08:07.257,1.734349,124921767.6,2020-03-02,72028034.0,KTR
313,KTR03032020,66,2020-11-20T11:08:07.236,1.734661,125649581.77,2020-03-03,72434661.0,KTR
314,KTR04032020,62,2020-11-20T11:08:07.15,1.734798,128736215.49,2020-03-04,74208209.0,KTR
315,KTR05032020,60,2020-11-20T11:08:07.129,1.736099,120326048.46,2020-03-05,69308298.0,KTR
316,KTR06032020,60,2020-11-20T11:08:07.108,1.7373,97275446.45,2020-03-06,55992301.0,KTR
317,KTR09032020,58,2020-11-20T11:08:07.087,1.738634,93938767.85,2020-03-09,54030200.0,KTR
318,KTR10032020,58,2020-11-20T11:08:07.066,1.73921,92890460.96,2020-03-10,53409569.0,KTR
319,KTR11032020,58,2020-11-20T11:09:08.988,1.739739,91694255.2,2020-03-11,52705757.0,KTR
320,KTR12032020,61,2020-11-20T11:09:08.966,1.739215,91666664.71,2020-03-12,52705757.0,KTR
321,KTR13032020,61,2020-11-20T11:09:08.943,1.740464,91923596.0,2020-03-13,52815572.0,KTR
322,KTR16032020,62,2020-11-20T11:09:08.919,1.741966,91782493.16,2020-03-16,52689022.0,KTR
323,KTR17032020,61,2020-11-20T11:09:08.896,1.742414,95772045.54,2020-03-17,54965150.0,KTR
324,KTR18032020,60,2020-11-20T11:09:08.873,1.740774,94142579.73,2020-03-18,54080882.0,KTR
325,KTR19032020,58,2020-11-20T11:09:08.85,1.743245,94088576.89,2020-03-19,53973237.0,KTR
326,KTR20032020,57,2020-11-20T11:09:08.824,1.743779,93421864.46,2020-03-20,53574358.0,KTR
327,KTR23032020,57,2020-11-20T11:09:49.858,1.750783,89885240.55,2020-03-23,51340022.0,KTR
328,KTR24032020,57,2020-11-20T11:09:49.814,1.751312,89686458.17,2020-03-24,51211022.0,KTR
329,KTR25032020,58,2020-11-20T11:09:49.772,1.751656,89102826.49,2020-03-25,50867772.0,KTR
330,KTR26032020,57,2020-11-20T11:09:49.739,1.751674,89553731.6,2020-03-26,51124671.0,KTR
331,KTR27032020,57,2020-11-20T11:09:49.704,1.751875,89462441.65,2020-03-27,51066671.0,KTR
332,KTR30032020,58,2020-11-20T11:09:49.664,1.749725,89202682.43,2020-03-30,50980971.0,KTR
333,KTR31032020,57,2020-11-20T11:09:49.616,1.750315,89728920.82,2020-03-31,51264444.0,KTR
334,KTR01042020,57,2020-11-20T11:11:26.588,1.750931,89444543.87,2020-04-01,51084000.0,KTR
335,KTR02042020,57,2020-11-20T11:11:26.56,1.751812,89394073.59,2020-04-02,51029500.0,KTR
336,KTR03042020,57,2020-11-20T11:11:26.535,1.751968,89402044.3,2020-04-03,51029500.0,KTR
337,KTR06042020,57,2020-11-20T11:11:26.513,1.753279,89468945.58,2020-04-06,51029500.0,KTR
338,KTR07042020,57,2020-11-20T11:11:26.491,1.753716,89491247.69,2020-04-07,51029500.0,KTR
339,KTR08042020,57,2020-11-20T11:11:26.413,1.754347,89023014.66,2020-04-08,50744259.0,KTR
340,KTR09042020,58,2020-11-20T11:11:26.389,1.754133,89012169.02,2020-04-09,50744259.0,KTR
341,KTR10042020,58,2020-11-20T11:11:26.363,1.754799,88867885.71,2020-04-10,50642762.0,KTR
342,KTR13042020,58,2020-11-20T11:12:11.211,1.755992,89429048.25,2020-04-13,50927946.0,KTR
343,KTR14042020,58,2020-11-20T11:12:11.187,1.756408,89450259.04,2020-04-14,50927946.0,KTR
344,KTR15042020,58,2020-11-20T11:12:11.163,1.75643,88083760.71,2020-04-15,50149301.0,KTR
345,KTR16042020,57,2020-11-20T11:12:11.141,1.757272,88135945.19,2020-04-16,50154994.0,KTR
346,KTR17042020,56,2020-11-20T11:12:11.099,1.757507,87156542.98,2020-04-17,49590998.0,KTR
347,KTR20042020,56,2020-11-20T11:12:11.067,1.758945,86699176.39,2020-04-20,49290429.0,KTR
348,KTR21042020,56,2020-11-20T11:13:03.624,1.765682,86860405.69,2020-04-21,49193699.0,KTR
349,KTR22042020,57,2020-11-20T11:13:03.598,1.772916,88018941.14,2020-04-22,49646417.0,KTR
350,KTR24042020,57,2020-11-20T11:13:03.576,1.779005,89188700.81,2020-04-24,50134041.0,KTR
351,KTR27042020,57,2020-11-20T11:13:03.546,1.790171,89748526.89,2020-04-27,50134041.0,KTR
352,KTR28042020,57,2020-11-20T11:13:03.513,1.792418,89861152.51,2020-04-28,50134041.0,KTR
353,KTR29042020,57,2020-11-20T11:13:03.482,1.79769,91602911.51,2020-04-29,50955899.0,KTR
354,KTR30042020,57,2020-11-20T11:13:03.451,1.798119,91624789.79,2020-04-30,50955899.0,KTR
355,KTR04052020,58,2020-11-20T11:13:43.638,1.8003,93497313.79,2020-05-04,51934292.0,KTR
356,KTR05052020,60,2020-11-20T11:13:42.951,1.80053,95699269.41,2020-05-05,53150598.0,KTR
357,KTR06052020,61,2020-11-20T11:13:42.917,1.800546,97519183.72,2020-05-06,54160887.0,KTR
358,KTR07052020,59,2020-11-20T11:13:42.886,1.800965,102896485.69,2020-05-07,57134099.0,KTR
359,KTR08052020,60,2020-11-20T11:13:42.853,1.802504,102274539.22,2020-05-08,56740256.0,KTR
360,KTR11052020,61,2020-11-20T11:14:12.91,1.803752,102313760.66,2020-05-11,56722734.0,KTR
361,KTR12052020,62,2020-11-20T11:14:12.886,1.804836,103325810.79,2020-05-12,57249412.0,KTR
362,KTR13052020,61,2020-11-20T11:14:12.856,1.804301,104115271.7,2020-05-13,57703922.0,KTR
363,KTR14052020,60,2020-11-20T11:14:12.833,1.804742,103281313.65,2020-05-14,57227758.0,KTR
364,KTR15052020,60,2020-11-20T11:14:12.81,1.805162,103326609.39,2020-05-15,57239527.0,KTR
365,KTR18052020,61,2020-11-20T11:14:12.779,1.805038,103319543.31,2020-05-18,57239527.0,KTR
366,KTR20052020,61,2020-11-20T11:14:12.73,1.806015,103925732.86,2020-05-20,57544229.0,KTR
367,KTR21052020,59,2020-11-20T11:14:55.095,1.814387,104407512.53,2020-05-21,57544229.0,KTR
368,KTR22052020,59,2020-11-20T11:14:55.066,1.812711,101378161.35,2020-05-22,55926269.0,KTR
369,KTR27052020,59,2020-11-20T11:14:55.041,1.817344,102128572.07,2020-05-27,56196625.0,KTR
370,KTR28052020,59,2020-11-20T11:14:55.017,1.817602,102193091.7,2020-05-28,56224137.0,KTR
371,KTR29052020,59,2020-11-20T11:14:54.929,1.817547,102188215.12,2020-05-29,56223137.0,KTR
372,KTR01062020,57,2020-11-20T11:15:42.411,1.818628,101548588.66,2020-06-01,55838014.0,KTR
373,KTR02062020,58,2020-11-20T11:15:42.386,1.81926,99741590.4,2020-06-02,54825369.0,KTR
374,KTR03062020,57,2020-11-20T11:15:42.356,1.821994,100373718.57,2020-06-03,55090027.0,KTR
375,KTR04062020,57,2020-11-20T11:15:42.33,1.823988,101733189.36,2020-06-04,55775152.0,KTR
376,KTR05062020,58,2020-11-20T11:15:42.303,1.824555,107691265.67,2020-06-05,59023297.0,KTR
377,KTR08062020,59,2020-11-20T11:15:42.268,1.825727,111903097.49,2020-06-08,61292342.0,KTR
378,KTR09062020,59,2020-11-20T11:15:42.143,1.831316,112345955.76,2020-06-09,61347114.0,KTR
379,KTR10062020,61,2020-11-20T11:15:42.117,1.832324,111824955.23,2020-06-10,61029035.0,KTR
380,KTR11062020,61,2020-11-20T11:16:26.218,1.831957,118479333.18,2020-06-11,64673644.0,KTR
381,KTR12062020,63,2020-11-20T11:16:26.193,1.832849,119102329.16,2020-06-12,64982079.0,KTR
382,KTR15062020,64,2020-11-20T11:16:26.098,1.833513,120445958.84,2020-06-15,65691356.0,KTR
383,KTR16062020,64,2020-11-20T11:16:26.072,1.833987,121977489.05,2020-06-16,66509457.0,KTR
384,KTR17062020,63,2020-11-20T11:16:26.042,1.834296,122600305.71,2020-06-17,66837793.0,KTR
385,KTR18062020,64,2020-11-20T11:16:26.018,1.834843,122524814.78,2020-06-18,66776746.0,KTR
386,KTR19062020,64,2020-11-20T11:16:25.994,1.835225,125389948.58,2020-06-19,68324002.0,KTR
387,KTR22062020,61,2020-11-20T11:17:01.753,1.842611,125933298.23,2020-06-22,68345035.0,KTR
388,KTR23062020,60,2020-11-20T11:17:01.729,1.842993,123230004.38,2020-06-23,66864081.0,KTR
389,KTR24062020,62,2020-11-20T11:17:01.705,1.843262,120340691.96,2020-06-24,65286819.0,KTR
390,KTR25062020,64,2020-11-20T11:17:01.672,1.845846,121740674.23,2020-06-25,65953849.0,KTR
391,KTR26062020,66,2020-11-20T11:17:01.646,1.846105,124044380.69,2020-06-26,67192485.0,KTR
392,KTR29062020,66,2020-11-20T11:17:01.623,1.845815,125323901.86,2020-06-29,67896248.0,KTR
393,KTR30062020,67,2020-11-20T11:17:01.529,1.847292,126955840.76,2020-06-30,68725384.0,KTR
394,KTR01072020,68,2020-11-20T11:18:12.524,1.847858,131427705.39,2020-07-01,71124366.0,KTR
395,KTR02072020,72,2020-11-20T11:18:12.464,1.847296,133985973.4,2020-07-02,72530848.0,KTR
396,KTR03072020,72,2020-11-20T11:18:12.408,1.847302,141743652.41,2020-07-03,76730087.0,KTR
397,KTR06072020,72,2020-11-20T11:18:12.377,1.848423,146136944.84,2020-07-06,79060350.0,KTR
398,KTR07072020,72,2020-11-20T11:18:12.338,1.84885,146170692.17,2020-07-07,79060350.0,KTR
399,KTR08072020,73,2020-11-20T11:18:12.287,1.848679,151258136.1,2020-07-08,81819593.0,KTR
400,KTR09072020,71,2020-11-20T11:18:12.182,1.849004,150674366.46,2020-07-09,81489484.0,KTR
401,KTR10072020,70,2020-11-20T11:18:12.156,1.847806,148037132.25,2020-07-10,80115079.0,KTR
402,KTR13072020,67,2020-11-20T11:18:54.38,1.84893,148148455.24,2020-07-13,80126596.0,KTR
403,KTR14072020,65,2020-11-20T11:18:54.356,1.848262,147263288.76,2020-07-14,79676621.0,KTR
404,KTR16072020,65,2020-11-20T11:18:54.326,1.850631,146744333.62,2020-07-16,79294231.0,KTR
405,KTR17072020,66,2020-11-20T11:18:54.219,1.851055,146858353.93,2020-07-17,79337639.0,KTR
406,KTR20072020,66,2020-11-20T11:18:54.195,1.852253,146049428.66,2020-07-20,78849604.0,KTR
407,KTR21072020,65,2020-11-20T11:19:24.882,1.85084,145996655.08,2020-07-21,78881303.0,KTR
408,KTR22072020,64,2020-11-20T11:19:24.857,1.851254,137304108.74,2020-07-22,74168172.0,KTR
409,KTR23072020,63,2020-11-20T11:19:24.832,1.851689,137416699.79,2020-07-23,74211557.0,KTR
410,KTR24072020,64,2020-11-20T11:19:24.793,1.85172,136960465.56,2020-07-24,73963933.0,KTR
411,KTR27072020,63,2020-11-20T11:19:24.74,1.852757,137022010.16,2020-07-27,73955736.0,KTR
412,KTR28072020,60,2020-11-20T11:19:24.581,1.851559,136409191.85,2020-07-28,73672619.0,KTR
413,KTR29072020,60,2020-11-20T11:19:24.524,1.851768,131372018.47,2020-07-29,70944118.0,KTR
414,KTR30072020,59,2020-11-20T11:19:24.488,1.852167,132216276.34,2020-07-30,71384641.0,KTR
415,KTR04082020,57,2020-11-20T11:21:17.758,1.854836,132021567.59,2020-08-04,71176930.0,KTR
416,KTR05082020,54,2020-11-20T11:21:17.711,1.854897,127015157.85,2020-08-05,68475599.0,KTR
417,KTR06082020,52,2020-11-20T11:21:17.655,1.855317,109526742.53,2020-08-06,59033976.0,KTR
418,KTR07082020,50,2020-11-20T11:21:17.592,1.855232,107323803.13,2020-08-07,57849266.0,KTR
419,KTR10082020,48,2020-11-20T11:21:17.567,1.856488,103479916.41,2020-08-10,55739623.0,KTR
420,KTR11082020,47,2020-11-20T11:22:13.654,1.855796,100774066.28,2020-08-11,54302331.0,KTR
421,KTR12082020,46,2020-11-20T11:22:13.629,1.854177,97093526.14,2020-08-12,52364752.0,KTR
422,KTR13082020,45,2020-11-20T11:22:13.6,1.854178,93231773.97,2020-08-13,50281991.0,KTR
423,KTR14082020,43,2020-11-20T11:22:13.569,1.850947,91418808.65,2020-08-14,49390289.0,KTR
424,KTR17082020,41,2020-11-20T11:22:13.531,1.851807,87447421.71,2020-08-17,47222759.0,KTR
425,KTR18082020,39,2020-11-20T11:22:13.484,1.852279,85727407.39,2020-08-18,46282129.0,KTR
426,KTR19082020,36,2020-11-20T11:22:13.444,1.850832,76856236.59,2020-08-19,41525240.0,KTR
427,KTR20082020,35,2020-11-20T11:22:13.39,1.851093,72340008.21,2020-08-20,39079617.0,KTR
428,KTR21082020,34,2020-11-20T11:23:02.594,1.851557,71347425.61,2020-08-21,38533753.0,KTR
429,KTR24082020,33,2020-11-20T11:23:02.568,1.852464,67677459.63,2020-08-24,36533753.0,KTR
430,KTR25082020,32,2020-11-20T11:23:02.542,1.852865,62196264.83,2020-08-25,33567627.0,KTR
431,KTR26082020,31,2020-11-20T11:23:02.515,1.853305,61705346.66,2020-08-26,33294765.0,KTR
432,KTR27082020,31,2020-11-20T11:23:02.485,1.853691,61461781.87,2020-08-27,33156436.0,KTR
433,KTR28082020,30,2020-11-20T11:23:02.447,1.854185,61478168.55,2020-08-28,33156436.0,KTR
434,KTR31082020,30,2020-11-20T11:23:02.342,1.855724,61026920.44,2020-08-31,32885772.0,KTR
435,KTR01092020,31,2020-11-20T11:24:04.682,1.856277,60636718.17,2020-09-01,32665772.0,KTR
436,KTR02092020,31,2020-11-20T11:24:04.631,1.856724,61151447.58,2020-09-02,32935128.0,KTR
437,KTR03092020,32,2020-11-20T11:24:04.587,1.8572,61167124.55,2020-09-03,32935128.0,KTR
438,KTR04092020,31,2020-11-20T11:24:04.55,1.839543,61753891.3,2020-09-04,33570240.0,KTR
439,KTR07092020,31,2020-11-20T11:24:04.515,1.830546,59278607.6,2020-09-07,32383016.0,KTR
440,KTR08092020,30,2020-11-20T11:24:04.474,1.830993,59293082.39,2020-09-08,32383016.0,KTR
441,KTR09092020,30,2020-11-20T11:24:04.438,1.831464,58145129.04,2020-09-09,31747904.0,KTR
442,KTR10092020,28,2020-11-20T11:24:04.393,1.831748,58154155.15,2020-09-10,31747904.0,KTR
443,KTR11092020,28,2020-11-20T11:24:54.064,1.829058,57676039.57,2020-09-11,31533201.0,KTR
444,KTR14092020,28,2020-11-20T11:24:54.034,1.831051,57738909.92,2020-09-14,31533201.0,KTR
445,KTR15092020,28,2020-11-20T11:24:54.008,1.831734,57760443.02,2020-09-15,31533201.0,KTR
446,KTR16092020,26,2020-11-20T11:24:53.974,1.833082,57271893.75,2020-09-16,31243499.0,KTR
447,KTR17092020,26,2020-11-20T11:24:53.935,1.834631,55932986.83,2020-09-17,30487315.0,KTR
448,KTR18092020,26,2020-11-20T11:24:53.827,1.833814,55908064.15,2020-09-18,30487315.0,KTR
449,KTR21092020,25,2020-11-20T11:25:50.914,1.835131,55948229.02,2020-09-21,30487315.0,KTR
450,KTR22092020,24,2020-11-20T11:25:50.888,1.835516,55910337.32,2020-09-22,30460280.0,KTR
451,KTR23092020,23,2020-11-20T11:25:50.864,1.835294,55903375.7,2020-09-23,30460170.0,KTR
452,KTR24092020,23,2020-11-20T11:25:50.826,1.835963,55774120.45,2020-09-24,30378679.0,KTR
453,KTR25092020,23,2020-11-20T11:25:50.778,1.836298,55784292.62,2020-09-25,30378679.0,KTR
454,KTR28092020,22,2020-11-20T11:25:50.745,1.837787,55829550.39,2020-09-28,30378679.0,KTR
455,KTR29092020,22,2020-11-20T11:25:50.702,1.838211,55577894.15,2020-09-29,30234775.0,KTR
456,KTR30092020,22,2020-11-20T11:25:50.658,1.837397,55553287.48,2020-09-30,30234775.0,KTR
457,KTR01102020,22,2020-11-20T11:27:20.887,1.837807,55565675.79,2020-10-01,30234775.0,KTR
458,KTR02102020,22,2020-11-20T11:27:20.861,1.839446,55615249.25,2020-10-02,30234775.0,KTR
459,KTR05102020,22,2020-11-20T11:27:20.835,1.84098,55661619.47,2020-10-05,30234775.0,KTR
460,KTR06102020,22,2020-11-20T11:27:20.81,1.84144,55675516.2,2020-10-06,30234775.0,KTR
461,KTR07102020,22,2020-11-20T11:27:20.786,1.842186,55698085.02,2020-10-07,30234775.0,KTR
462,KTR08102020,22,2020-11-20T11:27:20.762,1.842708,55713847.31,2020-10-08,30234775.0,KTR
463,KTR09102020,22,2020-11-20T11:27:20.736,1.843023,55625717.26,2020-10-09,30181775.0,KTR
464,KTR12102020,22,2020-11-20T11:30:28.828,1.844634,55517225.58,2020-10-12,30096605.0,KTR
465,KTR13102020,23,2020-11-20T11:30:28.797,1.845161,55533087.96,2020-10-13,30096605.0,KTR
466,KTR14102020,23,2020-11-20T11:30:28.773,1.845704,55649463.42,2020-10-14,30150799.0,KTR
467,KTR15102020,23,2020-11-20T11:30:28.743,1.845278,55636617.21,2020-10-15,30150799.0,KTR
468,KTR16102020,23,2020-11-20T11:30:28.713,1.845809,37655976.1,2020-10-16,20400799.0,KTR
469,KTR19102020,23,2020-11-20T11:30:28.677,1.847404,37811770.57,2020-10-19,20467520.0,KTR
470,KTR20102020,22,2020-11-20T11:30:28.648,1.847937,37822696.56,2020-10-20,20467520.0,KTR
471,KTR21102020,22,2020-11-20T11:31:27.022,1.848423,37757383.84,2020-10-21,20426807.0,KTR
472,KTR22102020,22,2020-11-20T11:31:26.985,1.848906,37767237.64,2020-10-22,20426807.0,KTR
473,KTR23102020,22,2020-11-20T11:31:26.94,1.849421,37777757.55,2020-10-23,20426807.0,KTR
474,KTR26102020,22,2020-11-20T11:31:26.891,1.850993,37809871.74,2020-10-26,20426807.0,KTR
475,KTR27102020,22,2020-11-20T11:31:26.862,1.85144,37819012.43,2020-10-27,20426807.0,KTR
476,KTR28102020,22,2020-11-20T11:31:26.832,1.851958,37825882.02,2020-10-28,20424807.0,KTR
477,KTR30102020,23,2020-11-20T11:31:26.803,1.853054,37848269.14,2020-10-30,20424807.0,KTR
478,KTR02112020,23,2020-12-01T10:03:18.823,1.85464,38080832.47,2020-11-02,20532736.0,KTR
479,KTR03112020,23,2020-12-01T10:03:18.776,1.855243,38093215.61,2020-11-03,20532736.0,KTR
480,KTR04112020,23,2020-12-01T10:03:18.743,1.855817,38105009.65,2020-11-04,20532736.0,KTR
481,KTR05112020,22,2020-12-01T10:03:18.702,1.856101,38101543.11,2020-11-05,20527736.0,KTR
482,KTR06112020,22,2020-12-01T10:03:18.658,1.856755,37918312.49,2020-11-06,20421821.0,KTR
483,KTR09112020,22,2020-12-01T10:03:18.62,1.858485,37953639.13,2020-11-09,20421821.0,KTR
484,KTR10112020,22,2020-12-01T10:03:18.59,1.859077,37965745.92,2020-11-10,20421821.0,KTR
485,KTR11112020,22,2020-12-01T10:04:35.146,1.859582,37976056.77,2020-11-11,20421821.0,KTR
486,KTR12112020,22,2020-12-01T10:04:35.121,1.86051,37995001.06,2020-11-12,20421821.0,KTR
487,KTR13112020,22,2020-12-01T10:04:35.092,1.860748,37999855.22,2020-11-13,20421821.0,KTR
488,KTR16112020,22,2020-12-01T10:04:35.061,1.862651,38038717.13,2020-11-16,20421821.0,KTR
489,KTR17112020,22,2020-12-01T10:04:35.024,1.863244,38050830.91,2020-11-17,20421821.0,KTR
490,KTR18112020,22,2020-12-01T10:04:34.985,1.86384,38063014.31,2020-11-18,20421821.0,KTR
491,KTR19112020,21,2020-12-01T10:04:34.948,1.864274,38071871.81,2020-11-19,20421821.0,KTR
492,KTR20112020,21,2020-12-01T10:04:34.904,1.864908,37883540.96,2020-11-20,20313892.0,KTR
493,KTR23112020,22,2020-12-01T10:05:35.697,1.866844,37922861.94,2020-11-23,20313892.0,KTR
494,KTR24112020,22,2020-12-01T10:05:35.662,1.867444,37950059.83,2020-11-24,20321926.0,KTR
495,KTR25112020,22,2020-12-01T10:05:35.632,1.868088,37944474.47,2020-11-25,20311926.0,KTR
496,KTR26112020,22,2020-12-01T10:05:35.604,1.868733,37957569.23,2020-11-26,20311926.0,KTR
497,KTR27112020,22,2020-12-01T10:05:35.573,1.869383,37952083.98,2020-11-27,20301926.0,KTR
498,KTR30112020,22,2020-12-01T10:05:35.546,1.871341,37973108.32,2020-11-30,20291926.0,KTR
499,KTR01122020,2,2020-12-01T23:00:02.018,1.871988,37986251.51,2020-12-01,20291926.0,KTR
500,KTR02122020,2,2020-12-02T23:00:07.148,1.872898,38004708.32,2020-12-02,20291926.0,KTR
501,KTR03122020,0,2020-12-03T23:00:01.921,1.873799,38022992.9,2020-12-03,20291926.0,KTR
502,KTR04122020,0,2020-12-04T23:00:28.426,1.874707,38041406.48,2020-12-04,20291926.0,KTR
503,KTR07122020,2,2020-12-07T23:00:03.557,1.877412,38096300.37,2020-12-07,20291926.0,KTR
504,KTR08122020,0,2020-12-08T23:00:00.832,1.878104,38110339.75,2020-12-08,20291926.0,KTR
505,KTR09122020,0,2020-12-09T23:00:00.811,1.878621,38120833.99,2020-12-09,20291926.0,KTR
506,KTR10122020,2,2020-12-10T23:00:09.905,1.879531,38139307.17,2020-12-10,20291926.0,KTR
507,KTR11122020,2,2020-12-11T23:00:00.831,1.880435,38252044.21,2020-12-11,20342130.0,KTR
508,KTR14122020,0,2020-12-14T23:00:02.718,1.883164,38307572.0,2020-12-14,20342130.0,KTR
509,KTR15122020,0,2020-12-15T23:00:01.157,1.884032,42821637.82,2020-12-15,22728725.0,KTR
510,KTR16122020,0,2020-12-16T23:00:02.87,1.884871,42835062.2,2020-12-16,22725725.0,KTR
511,KTR17122020,0,2020-12-17T23:00:04.472,1.885762,44048492.12,2020-12-17,23358455.0,KTR
512,KTR18122020,0,2020-12-18T23:00:01.484,1.88662,46284847.45,2020-12-18,24533209.0,KTR
513,KTR21122020,0,2020-12-21T23:00:02.752,1.889219,45151346.03,2020-12-21,23899479.0,KTR
514,KTR22122020,2,2020-12-22T23:00:02.692,1.890003,45170076.81,2020-12-22,23899479.0,KTR
515,KTR23122020,0,2020-12-23T23:00:00.855,1.89088,45191041.43,2020-12-23,23899479.0,KTR
516,KTR24122020,0,2020-12-24T23:00:00.796,1.891737,46646040.71,2020-12-24,24657779.0,KTR
517,KTR25122020,0,2020-12-25T23:00:00.989,1.892604,46667412.51,2020-12-25,24657779.0,KTR
518,KTR28122020,0,2020-12-28T23:00:00.787,1.895151,46730213.15,2020-12-28,24657779.0,KTR
519,KTR29122020,0,2020-12-29T23:00:00.79,1.896215,46841466.1,2020-12-29,24702609.0,KTR
520,KTR30122020,0,2020-12-30T23:00:00.828,1.897086,46674649.59,2020-12-30,24603345.0,KTR
521,KTR31122020,0,2020-12-31T23:00:01.073,1.897886,46656394.23,2020-12-31,24583345.0,KTR
522,KTR04012021,2,2021-01-04T23:00:00.785,1.901704,45783095.87,2021-01-04,24074769.0,KTR
523,KTR05012021,0,2021-01-05T23:00:01.643,1.902477,45851724.36,2021-01-05,24101061.0,KTR
524,KTR06012021,0,2021-01-06T23:00:02.853,1.903336,45872427.53,2021-01-06,24101061.0,KTR
525,KTR07012021,0,2021-01-07T23:00:00.819,1.904204,45893327.65,2021-01-07,24101061.0,KTR
526,KTR08012021,0,2021-01-08T23:00:09.799,1.905111,46566220.82,2021-01-08,24442785.0,KTR
527,KTR11012021,0,2021-01-11T23:00:02.591,1.907789,46631667.18,2021-01-11,24442785.0,KTR
528,KTR12012021,0,2021-01-12T23:00:01.578,1.908714,42004618.62,2021-01-12,22006768.0,KTR
529,KTR13012021,0,2021-01-13T23:00:00.945,1.909422,42020211.99,2021-01-13,22006768.0,KTR
530,KTR14012021,0,2021-01-14T23:00:01.651,1.910088,37411070.35,2021-01-14,19586045.0,KTR
531,KTR15012021,0,2021-01-15T23:00:01.02,1.910896,38106430.02,2021-01-15,19941653.0,KTR
532,KTR18012021,0,2021-01-18T23:00:02.618,1.914279,41476768.27,2021-01-18,21667045.0,KTR
533,KTR19012021,0,2021-01-19T23:00:01.777,1.913755,41465405.53,2021-01-19,21667045.0,KTR
534,KTR20012021,0,2021-01-20T23:00:04.882,1.914511,41481805.4,2021-01-20,21667045.0,KTR
535,KTR21012021,0,2021-01-21T23:00:00.752,1.915335,43045143.56,2021-01-21,22473949.0,KTR
536,KTR22012021,0,2021-01-22T23:00:05.153,1.916166,42905553.85,2021-01-22,22391354.0,KTR
537,KTR25012021,0,2021-01-25T23:00:00.99,1.918651,43982004.7,2021-01-25,22923405.0,KTR
538,KTR26012021,0,2021-01-26T23:00:01.645,1.919484,44001119.33,2021-01-26,22923405.0,KTR
539,KTR27012021,0,2021-01-27T23:00:03.578,1.920361,44399378.02,2021-01-27,23120326.0,KTR
540,KTR28012021,0,2021-01-28T23:00:00.782,1.921203,45419272.99,2021-01-28,23641061.0,KTR
541,KTR29012021,0,2021-01-29T23:00:00.853,1.922057,45439469.53,2021-01-29,23641061.0,KTR
542,KTR01022021,0,2021-02-01T23:00:00.857,1.924976,21057436.18,2021-02-01,10939064.0,KTR
543,KTR02022021,0,2021-02-02T23:00:00.914,1.926052,21560631.41,2021-02-02,11194210.0,KTR
544,KTR03022021,0,2021-02-03T23:00:00.913,1.926928,22049046.25,2021-02-03,11442591.0,KTR
545,KTR04022021,0,2021-02-04T23:00:00.826,1.927792,15860408.97,2021-02-04,8227241.0,KTR
546,KTR05022021,0,2021-02-05T23:00:00.895,1.928685,15863601.94,2021-02-05,8225086.0,KTR
547,KTR08022021,0,2021-02-08T23:00:01.934,1.931434,15878954.23,2021-02-08,8221329.0,KTR
548,KTR09022021,2,2021-02-09T12:54:02.087,1.932302,16128690.13,2021-02-09,8346878.0,KTR
549,KTR10022021,0,2021-02-10T23:00:03.257,1.93317,16078134.58,2021-02-10,8316978.0,KTR
550,KTR11022021,2,2021-02-11T23:00:01.227,1.933056,16087153.05,2021-02-11,8322136.0,KTR
551,KTR12022021,2,2021-02-12T23:00:00.77,1.933864,16093881.44,2021-02-12,8322136.0,KTR
552,KTR15022021,0,2021-02-15T23:00:01.632,1.936119,16112647.87,2021-02-15,8322136.0,KTR
553,KTR16022021,0,2021-02-16T23:00:01.594,1.936967,16119703.82,2021-02-16,8322136.0,KTR
554,KTR17022021,0,2021-02-17T23:00:01.662,1.937818,16126783.66,2021-02-17,8322136.0,KTR
555,KTR18022021,0,2021-02-18T23:00:00.763,1.938982,16111446.57,2021-02-18,8309230.0,KTR
556,KTR19022021,0,2021-02-19T23:00:00.872,1.939826,16118463.26,2021-02-19,8309230.0,KTR
557,KTR22022021,0,2021-02-22T23:00:00.806,1.94234,16139352.32,2021-02-22,8309230.0,KTR
558,KTR23022021,0,2021-02-23T23:00:00.913,1.943177,16111203.18,2021-02-23,8291165.0,KTR
559,KTR24022021,0,2021-02-24T23:00:00.864,1.943997,13874958.96,2021-02-24,7137337.0,KTR
560,KTR25022021,0,2021-02-25T12:54:00.776,1.944795,14063709.44,2021-02-25,7231462.0,KTR
561,KTR26022021,0,2021-02-26T14:45:35.933,1.945612,14109634.58,2021-02-26,7252029.0,KTR
562,KTR01032021,23,2021-03-02T10:49:11.111,1.948059,14127383.47,2021-03-01,7252029.0,KTR
563,KTR02032021,23,2021-03-03T09:24:47.668,1.948928,14133680.9,2021-03-02,7252029.0,KTR
564,KTR03032021,23,2021-03-04T09:15:32.935,1.949803,14140025.88,2021-03-03,7252029.0,KTR
565,KTR04032021,23,2021-03-05T09:39:36.676,1.950679,14146378.6,2021-03-04,7252029.0,KTR
566,KTR05032021,0,2021-03-07T17:08:16.445,1.951554,14152727.78,2021-03-05,7252029.0,KTR
567,KTR08032021,23,2021-03-09T09:04:42.164,1.954176,14171737.66,2021-03-08,7252029.0,KTR
568,KTR09032021,23,2021-03-10T09:41:46.911,1.955049,14178073.28,2021-03-09,7252029.0,KTR
569,KTR10032021,24,2021-03-11T09:26:51.179,1.955834,14183762.58,2021-03-10,7252029.0,KTR
570,KTR11032021,24,2021-03-12T09:03:24.005,1.956708,14193105.17,2021-03-11,7253562.0,KTR
571,KTR12032021,24,2021-03-15T09:51:25.4,1.957583,14199450.82,2021-03-12,7253562.0,KTR
572,KTR15032021,24,2021-03-16T09:22:02.072,1.960237,14193656.02,2021-03-15,7240786.0,KTR
573,KTR16032021,25,2021-03-17T08:34:39.35,1.961123,14200069.54,2021-03-16,7240786.0,KTR
574,KTR17032021,25,2021-03-18T09:19:22.965,1.961987,16977541.16,2021-03-17,8653240.0,KTR
575,KTR18032021,25,2021-03-19T09:51:41.183,1.962854,16985050.47,2021-03-18,8653240.0,KTR
576,KTR19032021,26,2021-03-22T08:33:09.184,1.963724,16231814.7,2021-03-19,8265834.0,KTR
577,KTR22032021,26,2021-03-23T09:02:20.902,1.966375,16253734.88,2021-03-22,8265837.0,KTR
578,KTR23032021,26,2021-03-24T08:29:47.097,1.967264,16261087.19,2021-03-23,8265837.0,KTR
579,KTR24032021,27,2021-03-25T08:59:06.341,1.968162,16173728.19,2021-03-24,8217682.0,KTR
580,KTR25032021,28,2021-03-26T09:23:54.094,1.969007,15392338.64,2021-03-25,7817310.0,KTR
581,KTR26032021,0,2021-03-26T15:17:57.317,1.969912,15402372.42,2021-03-26,7818812.0,KTR
582,KTR29032021,27,2021-03-30T09:06:14.395,1.972636,15212551.81,2021-03-29,7711788.0,KTR
583,KTR30032021,0,2021-03-30T14:22:32.476,1.973539,15219516.76,2021-03-30,7711788.0,KTR
584,KTR31032021,28,2021-04-01T08:24:16.031,1.974442,15226478.83,2021-03-31,7711788.0,KTR
585,KTR01042021,28,2021-04-02T09:09:30.33,1.975172,15232110.98,2021-04-01,7711789.0,KTR
586,KTR02042021,30,2021-04-05T09:10:59.732,1.975375,15233676.81,2021-04-02,7711789.0,KTR
587,KTR05042021,30,2021-04-09T23:00:02.068,1.978501,15379946.4,2021-04-05,7773536.0,KTR
588,KTR06042021,31,2021-04-09T23:00:02.065,1.97811,15376910.67,2021-04-06,7773536.0,KTR
589,KTR07042021,30,2021-04-09T23:00:02.062,1.978918,16525906.75,2021-04-07,8350981.0,KTR
590,KTR08042021,28,2021-04-12T23:00:00.239,1.979739,16455512.03,2021-04-08,8311962.0,KTR
591,KTR09042021,28,2021-04-13T23:00:09.481,1.980178,13943125.51,2021-04-09,7041348.0,KTR
592,KTR12042021,28,2021-04-16T23:00:10.795,1.982465,13959227.87,2021-04-12,7041348.0,KTR
593,KTR13042021,27,2021-04-16T23:00:08.454,1.983214,13964499.67,2021-04-13,7041348.0,KTR
594,KTR14042021,25,2021-04-16T23:00:05.682,1.983992,13866805.44,2021-04-14,6989346.0,KTR
595,KTR15042021,25,2021-04-19T23:00:09.269,1.984761,12479266.17,2021-04-15,6287541.0,KTR
596,KTR16042021,25,2021-04-20T23:00:08.767,1.985535,12484131.23,2021-04-16,6287541.0,KTR
597,KTR19042021,25,2021-04-23T23:00:10.01,1.987901,12499011.05,2021-04-19,6287541.0,KTR
598,KTR20042021,25,2021-04-23T23:00:07.592,1.988695,12504001.75,2021-04-20,6287541.0,KTR
599,KTR21042021,25,2021-04-23T23:00:04.666,1.98941,11726906.61,2021-04-21,5894665.0,KTR
600,KTR22042021,24,2021-04-26T23:00:08.487,1.990155,11731299.46,2021-04-22,5894665.0,KTR
601,KTR26042021,24,2021-04-30T23:00:14.305,1.993155,9413024.96,2021-04-26,4722677.0,KTR
602,KTR27042021,24,2021-04-30T23:00:10.458,1.993925,9416663.99,2021-04-27,4722677.0,KTR
603,KTR28042021,24,2021-04-30T23:00:06.527,1.99468,9420230.39,2021-04-28,4722677.0,KTR
604,KTR29042021,24,2021-05-03T23:00:17.626,1.995443,9498862.06,2021-04-29,4760277.0,KTR
605,KTR30042021,24,2021-05-03T23:00:14.929,1.996203,9502478.86,2021-04-30,4760277.0,KTR
606,KTR03052021,24,2021-05-07T23:00:16.609,1.998557,9513685.66,2021-05-03,4760277.0,KTR
607,KTR04052021,24,2021-05-07T23:00:13.029,1.999362,9517514.62,2021-05-04,4760277.0,KTR
608,KTR05052021,24,2021-05-07T23:00:09.262,1.999855,9519861.82,2021-05-05,4760277.0,KTR
609,KTR06052021,24,2021-05-10T23:00:08.194,2.000677,9563793.37,2021-05-06,4780278.0,KTR
610,KTR07052021,24,2021-05-11T23:00:23.548,2.001475,9567605.01,2021-05-07,4780278.0,KTR
611,KTR10052021,24,2021-05-14T23:00:14.811,2.003884,9579122.57,2021-05-10,4780278.0,KTR
612,KTR11052021,24,2021-05-14T23:00:11.035,2.004676,9582908.89,2021-05-11,4780278.0,KTR
613,KTR12052021,0,2021-05-14T23:00:05.37,2.005478,9586742.11,2021-05-12,4780278.0,KTR
614,KTR17052021,24,2021-05-21T23:00:13.747,2.00956,9606254.64,2021-05-17,4780278.0,KTR
615,KTR18052021,25,2021-05-21T23:00:09.85,2.010384,9610192.72,2021-05-18,4780278.0,KTR
616,KTR20052021,25,2021-05-24T23:00:12.874,2.012014,9627995.58,2021-05-20,4785252.0,KTR
617,KTR21052021,26,2021-05-25T23:00:09.229,2.012823,9631866.99,2021-05-21,4785252.0,KTR
618,KTR24052021,26,2021-05-28T23:00:10.529,2.015258,9644918.33,2021-05-24,4785946.0,KTR
619,KTR25052021,26,2021-05-28T23:00:08.112,2.016078,9648841.87,2021-05-25,4785946.0,KTR
620,KTR26052021,26,2021-05-28T23:00:05.721,2.016908,9652814.99,2021-05-26,4785946.0,KTR
621,KTR27052021,26,2021-05-31T23:00:09.592,2.01772,9656700.43,2021-05-27,4785946.0,KTR
622,KTR28052021,26,2021-06-01T23:00:08.415,2.018545,9661145.8,2021-05-28,4786193.0,KTR
623,KTR31052021,26,2021-06-04T23:00:12.287,2.020997,9672880.64,2021-05-31,4786193.0,KTR
624,KTR01062021,26,2021-06-04T23:00:09.626,2.02181,9676772.74,2021-06-01,4786193.0,KTR
625,KTR02062021,26,2021-06-04T23:00:07.225,2.022817,9681592.33,2021-06-02,4786193.0,KTR
626,KTR03062021,26,2021-06-07T23:00:09.887,2.023823,9686409.17,2021-06-03,4786193.0,KTR
627,KTR04062021,26,2021-06-08T23:00:11.6,2.02477,9690939.08,2021-06-04,4786193.0,KTR
628,KTR07062021,26,2021-06-11T23:00:13.973,2.027754,9705222.64,2021-06-07,4786193.0,KTR
629,KTR08062021,26,2021-06-11T23:00:08.776,2.028758,9710028.03,2021-06-08,4786193.0,KTR
630,KTR09062021,27,2021-06-11T23:00:05.083,2.029766,9758168.9,2021-06-09,4807534.0,KTR
631,KTR10062021,27,2021-06-14T23:00:14.849,2.030753,10403221.23,2021-06-10,5122840.0,KTR
632,KTR11062021,26,2021-06-15T23:00:12.05,2.031722,10408185.85,2021-06-11,5122840.0,KTR
633,KTR14062021,27,2021-06-18T23:00:17.882,2.034718,10421169.58,2021-06-14,5121677.0,KTR
634,KTR15062021,25,2021-06-18T23:00:13.592,2.035705,11096546.87,2021-06-15,5450960.0,KTR
635,KTR16062021,25,2021-06-18T23:00:09.086,2.036694,9929584.28,2021-06-16,4875344.0,KTR
636,KTR17062021,24,2021-06-21T23:00:11.939,2.037689,9934434.81,2021-06-17,4875344.0,KTR
637,KTR18062021,24,2021-06-22T23:00:12.753,2.038684,9937365.2,2021-06-18,4874403.0,KTR
638,KTR21062021,24,2021-06-25T23:00:15.806,2.041672,9951933.06,2021-06-21,4874403.0,KTR
639,KTR22062021,24,2021-06-25T23:00:13.098,2.042668,9963788.66,2021-06-22,4877830.0,KTR
640,KTR23062021,26,2021-06-25T23:00:10.43,2.043665,9968648.95,2021-06-23,4877830.0,KTR
641,KTR24062021,26,2021-06-28T23:00:10.387,2.044644,10853190.98,2021-06-24,5308109.0,KTR
642,KTR25062021,27,2021-06-29T23:00:07.976,2.045566,10858085.93,2021-06-25,5308109.0,KTR
643,KTR28062021,27,2021-07-02T23:00:12.154,2.048524,11081684.16,2021-06-28,5409594.0,KTR
644,KTR29062021,26,2021-07-02T23:00:09.821,2.051667,11098683.28,2021-06-29,5409594.0,KTR
645,KTR30062021,26,2021-07-02T23:00:07.328,2.052661,10898072.36,2021-06-30,5309242.0,KTR
646,KTR01072021,28,2021-07-05T23:00:10.014,2.053611,10903119.23,2021-07-01,5309242.0,KTR
647,KTR02072021,30,2021-07-06T23:00:09.046,2.054423,11031953.05,2021-07-02,5369856.0,KTR
648,KTR05072021,30,2021-07-09T23:00:11.748,2.056872,11714699.19,2021-07-05,5695396.0,KTR
649,KTR06072021,29,2021-07-09T23:00:09.199,2.057697,11719400.68,2021-07-06,5695396.0,KTR
650,KTR07072021,29,2021-07-09T23:00:06.492,2.058529,11774940.92,2021-07-07,5720075.0,KTR
651,KTR08072021,29,2021-07-12T23:00:11.708,2.059354,11779661.35,2021-07-08,5720075.0,KTR
652,KTR09072021,29,2021-07-13T23:00:11.098,2.060201,11784502.42,2021-07-09,5720075.0,KTR
653,KTR12072021,29,2021-07-16T23:00:18.883,2.062655,11415928.12,2021-07-12,5534580.0,KTR
654,KTR13072021,29,2021-07-16T23:00:16.256,2.063476,11420475.16,2021-07-13,5534580.0,KTR
655,KTR14072021,27,2021-07-16T23:00:12.446,2.064255,8280924.5,2021-07-14,4011580.0,KTR
656,KTR16072021,27,2021-07-20T23:00:09.881,2.065793,8060544.81,2021-07-16,3901913.0,KTR
657,KTR19072021,0,2021-07-23T23:00:06.034,2.068065,8069408.67,2021-07-19,3901913.0,KTR
658,KTR26072021,27,2021-07-30T23:00:11.497,2.073391,8090192.86,2021-07-26,3901913.0,KTR
659,KTR27072021,26,2021-07-30T23:00:08.785,2.074153,8093166.16,2021-07-27,3901913.0,KTR
660,KTR28072021,26,2021-07-30T23:00:06.208,2.074915,8108046.85,2021-07-28,3907652.0,KTR
661,KTR29072021,26,2021-08-02T23:00:10.193,2.075677,8111021.66,2021-07-29,3907652.0,KTR
662,KTR30072021,26,2021-08-03T23:00:09.115,2.076421,8113930.54,2021-07-30,3907652.0,KTR
663,KTR02082021,26,2021-08-06T23:00:11.213,2.07906,8124241.92,2021-08-02,3907652.0,KTR
664,KTR03082021,25,2021-08-06T23:00:08.948,2.080171,8128585.77,2021-08-03,3907652.0,KTR
665,KTR04082021,25,2021-08-06T23:00:06.182,2.08129,7623754.46,2021-08-04,3662994.0,KTR
666,KTR05082021,25,2021-08-09T23:00:11.479,2.08203,7626464.62,2021-08-05,3662994.0,KTR
667,KTR06082021,25,2021-08-10T23:00:09.848,2.083122,7630465.2,2021-08-06,3662994.0,KTR
668,KTR09082021,25,2021-08-13T23:00:12.467,2.086496,7642820.56,2021-08-09,3662994.0,KTR
669,KTR10082021,25,2021-08-13T23:00:09.951,2.086761,7643792.38,2021-08-10,3662994.0,KTR
670,KTR11082021,24,2021-08-13T23:00:06.738,2.087831,7647712.74,2021-08-11,3662994.0,KTR
671,KTR12082021,24,2021-08-16T23:00:11.03,2.088777,7679335.04,2021-08-12,3676475.0,KTR
672,KTR13082021,24,2021-08-17T23:00:09.191,2.089911,7683503.88,2021-08-13,3676475.0,KTR
673,KTR16082021,24,2021-08-20T23:00:11.52,2.093297,7695953.16,2021-08-16,3676475.0,KTR
674,KTR17082021,24,2021-08-20T23:00:08.502,2.09446,7700230.54,2021-08-17,3676475.0,KTR
675,KTR18082021,26,2021-08-20T23:00:05.989,2.095594,7704400.04,2021-08-18,3676475.0,KTR
676,KTR19082021,27,2021-08-23T23:00:11.102,2.096726,7813614.94,2021-08-19,3726579.0,KTR
677,KTR20082021,27,2021-08-23T23:00:07.464,2.097198,7955403.59,2021-08-20,3793349.0,KTR
