,portfoy_degeri,record_date,fon_tutari,data_date,fund_code,toplam_pay_sayisi,record_id,kisi_sayisi,hazir_deger,bpp_degeri,price,isin_code,id,aktif_deger,tedavuldeki_pay_sayisi
0,2912859.45,2018-12-13T10:14:57,100000000.0,2018-12-03,TZD,5250000000.0,TZD03122018,743,558.59,0.0,0.137039,TRMTZDWWWWW9,9032388.0,3180572.83,23209300.0
1,2726192.41,2018-12-14T10:14:56,100000000.0,2018-12-04,TZD,5250000000.0,TZD04122018,742,839.27,0.0,0.136713,TRMTZDWWWWW9,9057937.0,2893369.44,21163800.0
2,2876761.73,2018-12-15T10:14:55,100000000.0,2018-12-05,TZD,5250000000.0,TZD05122018,742,311.41,0.0,0.134877,TRMTZDWWWWW9,9082465.0,2761558.1,20474700.0
3,3130423.89,2018-12-16T10:14:54,100000000.0,2018-12-06,TZD,5250000000.0,TZD06122018,743,340.3,0.0,0.134717,TRMTZDWWWWW9,9090641.0,2849284.48,21150100.0
4,3133222.14,2018-12-17T10:14:59,100000000.0,2018-12-07,TZD,5250000000.0,TZD07122018,742,395.98,0.0,0.132906,TRMTZDWWWWW9,9098817.0,2954247.41,22228100.0
5,2876947.16,2018-12-20T10:14:57,100000000.0,2018-12-10,TZD,5250000000.0,TZD10122018,739,530.13,0.0,0.134288,TRMTZDWWWWW9,9170357.0,3005851.65,22383600.0
6,2736046.04,2018-12-21T10:14:56,100000000.0,2018-12-11,TZD,5250000000.0,TZD11122018,738,93.43,0.0,0.132238,TRMTZDWWWWW9,9194885.0,2768199.62,20933500.0
7,2684094.14,2018-12-22T10:14:55,100000000.0,2018-12-12,TZD,5250000000.0,TZD12122018,740,513.85,0.0,0.131783,TRMTZDWWWWW9,9219413.0,2657306.86,20164200.0
8,2488963.41,2018-12-23T10:14:54,100000000.0,2018-12-13,TZD,5250000000.0,TZD13122018,741,783.44,0.0,0.129173,TRMTZDWWWWW9,9227589.0,2470405.38,19124800.0
9,2558585.9,2018-12-24T10:14:53,100000000.0,2018-12-14,TZD,5250000000.0,TZD14122018,742,575.66,0.0,0.130894,TRMTZDWWWWW9,9235766.0,2554770.06,19517900.0
10,2424908.26,2018-12-27T10:14:57,100000000.0,2018-12-17,TZD,5250000000.0,TZD17122018,740,796.11,0.0,0.129735,TRMTZDWWWWW9,9307305.0,2541181.88,19587500.0
11,2419514.83,2018-12-28T10:14:59,100000000.0,2018-12-18,TZD,5250000000.0,TZD18122018,741,636.77,0.0,0.129009,TRMTZDWWWWW9,9332752.0,2339650.38,18135600.0
12,2374122.38,2018-12-29T10:14:58,100000000.0,2018-12-19,TZD,5250000000.0,TZD19122018,738,561.72,0.0,0.130486,TRMTZDWWWWW9,9357280.0,2367001.18,18139900.0
13,2603681.62,2018-12-30T10:14:58,100000000.0,2018-12-20,TZD,5250000000.0,TZD20122018,734,581.06,0.0,0.132567,TRMTZDWWWWW9,9365455.0,2393370.45,18054000.0
14,2847019.65,2018-12-31T10:15:00,100000000.0,2018-12-21,TZD,5250000000.0,TZD21122018,736,760.04,200127.95,0.131856,TRMTZDWWWWW9,9373631.0,2635004.09,19984000.0
15,2690765.03,2019-01-03T10:14:57,100000000.0,2018-12-24,TZD,5250000000.0,TZD24122018,738,48.99,0.0,0.131777,TRMTZDWWWWW9,9425753.0,2673260.51,20286300.0
16,2681744.62,2019-01-04T10:14:57,100000000.0,2018-12-25,TZD,5250000000.0,TZD25122018,739,381.35,0.0,0.131241,TRMTZDWWWWW9,9450281.0,2675777.57,20388300.0
17,2461725.34,2019-01-05T10:14:56,100000000.0,2018-12-26,TZD,5250000000.0,TZD26122018,741,91.75,0.0,0.130217,TRMTZDWWWWW9,9473787.0,2657615.49,20409100.0
18,2469608.67,2019-01-06T10:14:55,100000000.0,2018-12-27,TZD,5250000000.0,TZD27122018,741,545.2,0.0,0.130319,TRMTZDWWWWW9,9480941.0,2411837.58,18507200.0
19,2411092.9,2019-01-07T10:15:00,100000000.0,2018-12-28,TZD,5250000000.0,TZD28122018,737,800.92,0.0,0.130173,TRMTZDWWWWW9,9488096.0,2402480.25,18456100.0
20,2400146.82,2019-01-10T10:14:57,100000000.0,2018-12-31,TZD,5250000000.0,TZD31122018,736,664.37,0.0,0.129612,TRMTZDWWWWW9,9556570.0,2393555.9,18467100.0
21,2424895.34,2019-01-12T10:14:58,100000000.0,2019-01-02,TZD,5250000000.0,TZD02012019,736,906.06,0.0,0.130948,TRMTZDWWWWW9,9604500.0,2417266.62,18459700.0
22,2362504.92,2019-01-13T10:14:57,100000000.0,2019-01-03,TZD,5250000000.0,TZD03012019,736,160.98,0.0,0.127411,TRMTZDWWWWW9,9612676.0,2354931.83,18483000.0
23,2328261.02,2019-01-14T10:14:59,100000000.0,2019-01-04,TZD,5250000000.0,TZD04012019,737,83.9,0.0,0.125443,TRMTZDWWWWW9,9620852.0,2315451.85,18458200.0
24,2399371.52,2019-01-17T10:14:57,100000000.0,2019-01-07,TZD,5250000000.0,TZD07012019,739,911.73,0.0,0.127547,TRMTZDWWWWW9,9692392.0,2391779.53,18752100.0
25,2422572.7,2019-01-18T10:14:56,100000000.0,2019-01-08,TZD,5250000000.0,TZD08012019,741,430.47,0.0,0.128861,TRMTZDWWWWW9,9717941.0,2379717.74,18467300.0
26,2402772.45,2019-01-19T10:14:55,100000000.0,2019-01-09,TZD,5250000000.0,TZD09012019,738,35.21,0.0,0.129897,TRMTZDWWWWW9,9742469.0,2398866.27,18467400.0
27,2496162.87,2019-01-20T10:14:54,100000000.0,2019-01-10,TZD,5250000000.0,TZD10012019,741,275.49,0.0,0.129986,TRMTZDWWWWW9,9750646.0,2373733.69,18261400.0
28,2614002.31,2019-01-21T10:14:59,100000000.0,2019-01-11,TZD,5250000000.0,TZD11012019,739,233.9,0.0,0.129986,TRMTZDWWWWW9,9758822.0,2468524.09,18990700.0
29,2373224.17,2019-01-24T10:14:57,100000000.0,2019-01-14,TZD,5250000000.0,TZD14012019,739,451.92,0.0,0.130493,TRMTZDWWWWW9,9830362.0,2482951.79,19027500.0
30,2361802.8,2019-01-25T10:14:56,100000000.0,2019-01-15,TZD,5250000000.0,TZD15012019,738,806.53,0.0,0.130736,TRMTZDWWWWW9,9855912.0,2312694.23,17689800.0
31,2377943.55,2019-01-26T10:14:55,100000000.0,2019-01-16,TZD,5250000000.0,TZD16012019,736,356.64,0.0,0.132185,TRMTZDWWWWW9,9880440.0,2369329.19,17924300.0
32,2440992.45,2019-01-27T10:14:57,100000000.0,2019-01-17,TZD,5250000000.0,TZD17012019,738,618.6,0.0,0.13525,TRMTZDWWWWW9,9888513.0,2425713.8,17935100.0
33,2381407.24,2019-01-28T10:14:59,100000000.0,2019-01-18,TZD,5250000000.0,TZD18012019,737,185.68,0.0,0.137304,TRMTZDWWWWW9,9896689.0,2411394.48,17562400.0
34,2353334.2,2019-01-31T10:14:57,100000000.0,2019-01-21,TZD,5250000000.0,TZD21012019,737,312.74,0.0,0.139392,TRMTZDWWWWW9,9968229.0,2358524.37,16920100.0
35,2348569.18,2019-02-01T10:14:56,100000000.0,2019-01-22,TZD,5250000000.0,TZD22012019,732,42.32,0.0,0.13875,TRMTZDWWWWW9,9993779.0,2335203.02,16830300.0
36,2392419.54,2019-02-02T10:14:55,100000000.0,2019-01-23,TZD,5250000000.0,TZD23012019,730,526.66,0.0,0.141294,TRMTZDWWWWW9,10018307.0,2373754.48,16800100.0
37,2421039.95,2019-02-03T10:14:54,100000000.0,2019-01-24,TZD,5250000000.0,TZD24012019,728,453.06,0.0,0.142284,TRMTZDWWWWW9,10026485.0,2373494.69,16681400.0
38,2426142.28,2019-02-04T10:15:00,100000000.0,2019-01-25,TZD,5250000000.0,TZD25012019,724,920.23,0.0,0.144518,TRMTZDWWWWW9,10034661.0,2393405.78,16561300.0
39,2412158.87,2019-02-07T10:14:57,100000000.0,2019-01-28,TZD,5250000000.0,TZD28012019,724,881.97,0.0,0.145035,TRMTZDWWWWW9,10106199.0,2404742.21,16580400.0
40,2335627.68,2019-02-08T10:14:56,100000000.0,2019-01-29,TZD,5250000000.0,TZD29012019,724,753.51,0.0,0.144121,TRMTZDWWWWW9,10131749.0,2387296.89,16564500.0
41,2384289.01,2019-02-09T10:14:55,100000000.0,2019-01-30,TZD,5250000000.0,TZD30012019,722,935.5,0.0,0.147476,TRMTZDWWWWW9,10156279.0,2397512.93,16257000.0
42,2409091.33,2019-02-10T10:14:54,100000000.0,2019-01-31,TZD,5250000000.0,TZD31012019,719,290.61,0.0,0.147703,TRMTZDWWWWW9,10164453.0,2399984.6,16248700.0
43,2419836.73,2019-02-11T10:14:53,100000000.0,2019-02-01,TZD,5250000000.0,TZD01022019,720,979.89,0.0,0.147804,TRMTZDWWWWW9,10172629.0,2384946.84,16135900.0
44,2446491.48,2019-02-14T10:14:58,100000000.0,2019-02-04,TZD,5250000000.0,TZD04022019,720,444.5,0.0,0.14631,TRMTZDWWWWW9,10244168.0,2427894.09,16594200.0
45,2435994.74,2019-02-15T10:14:57,100000000.0,2019-02-05,TZD,5250000000.0,TZD05022019,722,872.72,0.0,0.145443,TRMTZDWWWWW9,10269718.0,2423833.44,16665200.0
46,2619377.06,2019-02-16T10:14:56,100000000.0,2019-02-06,TZD,5250000000.0,TZD06022019,725,294.49,0.0,0.145657,TRMTZDWWWWW9,10294246.0,2413617.44,16570500.0
47,2659279.21,2019-02-17T10:15:00,100000000.0,2019-02-07,TZD,5250000000.0,TZD07022019,726,817.69,0.0,0.145532,TRMTZDWWWWW9,10302319.0,2527258.62,17365600.0
48,2425483.37,2019-02-18T10:14:58,100000000.0,2019-02-08,TZD,5250000000.0,TZD08022019,721,584.63,0.0,0.145901,TRMTZDWWWWW9,10310495.0,2535436.9,17377800.0
49,2414812.03,2019-02-21T10:14:57,100000000.0,2019-02-11,TZD,5250000000.0,TZD11022019,723,253.17,0.0,0.14541,TRMTZDWWWWW9,10382036.0,2400070.79,16505500.0
50,2475150.84,2019-02-22T10:14:56,100000000.0,2019-02-12,TZD,5250000000.0,TZD12022019,728,51.6,0.0,0.148131,TRMTZDWWWWW9,10407585.0,2412521.2,16286400.0
51,2449270.45,2019-02-23T10:14:55,100000000.0,2019-02-13,TZD,5250000000.0,TZD13022019,732,622.13,0.0,0.147409,TRMTZDWWWWW9,10432112.0,2444833.15,16585400.0
52,2416013.74,2019-02-24T10:14:54,100000000.0,2019-02-14,TZD,5250000000.0,TZD14022019,731,326.11,0.0,0.145371,TRMTZDWWWWW9,10440288.0,2380167.43,16373000.0
53,2400844.99,2019-02-25T10:14:59,100000000.0,2019-02-15,TZD,5250000000.0,TZD15022019,725,90.25,0.0,0.146333,TRMTZDWWWWW9,10448464.0,2395099.24,16367500.0
54,2427029.97,2019-02-28T10:14:57,100000000.0,2019-02-18,TZD,5250000000.0,TZD18022019,726,78.52,0.0,0.147354,TRMTZDWWWWW9,10520004.0,2409527.56,16352000.0
55,2406959.45,2019-03-01T10:14:55,100000000.0,2019-02-19,TZD,5250000000.0,TZD19022019,729,266.79,0.0,0.146007,TRMTZDWWWWW9,10545554.0,2401460.27,16447600.0
56,2418125.11,2019-03-02T10:14:55,100000000.0,2019-02-20,TZD,5250000000.0,TZD20022019,729,527.72,0.0,0.146252,TRMTZDWWWWW9,10570084.0,2411008.98,16485300.0
57,2444290.1,2019-03-03T10:14:53,100000000.0,2019-02-21,TZD,5250000000.0,TZD21022019,736,664.65,0.0,0.146386,TRMTZDWWWWW9,10578260.0,2370262.21,16191900.0
58,2392016.63,2019-03-04T10:14:52,100000000.0,2019-02-22,TZD,5250000000.0,TZD22022019,734,714.61,0.0,0.147353,TRMTZDWWWWW9,10586420.0,2380819.41,16157200.0
59,2418093.23,2019-03-07T10:14:48,100000000.0,2019-02-25,TZD,5250000000.0,TZD25022019,733,249.79,0.0,0.148253,TRMTZDWWWWW9,10657960.0,2404842.85,16221200.0
60,2576058.6,2019-03-08T10:15:00,100000000.0,2019-02-26,TZD,5250000000.0,TZD26022019,735,506.37,0.0,0.149732,TRMTZDWWWWW9,10658982.0,2400404.82,16031300.0
61,2993184.99,2019-03-08T14:39:42,100000000.0,2019-02-27,TZD,5250000000.0,TZD27022019,737,956.49,200123.84,0.151157,TRMTZDWWWWW9,10660004.0,2670361.03,17666100.0
62,2700995.3,2019-03-08T14:40:51,100000000.0,2019-02-28,TZD,5250000000.0,TZD28022019,736,134.22,0.0,0.150024,TRMTZDWWWWW9,10661026.0,2748442.89,18320000.0
63,2569761.59,2019-03-08T14:41:57,100000000.0,2019-03-01,TZD,5250000000.0,TZD01032019,736,850.98,0.0,0.150544,TRMTZDWWWWW9,10662048.0,2533554.92,16829300.0
64,2612948.95,2019-03-08T14:43:06,100000000.0,2019-03-04,TZD,5250000000.0,TZD04032019,735,17.02,0.0,0.14891,TRMTZDWWWWW9,10663070.0,2493576.33,16745500.0
65,2535178.79,2019-03-08T14:44:12,100000000.0,2019-03-05,TZD,5250000000.0,TZD05032019,734,864.86,0.0,0.150431,TRMTZDWWWWW9,10664093.0,2513404.4,16708000.0
66,2639367.35,2019-03-08T14:45:23,100000000.0,2019-03-06,TZD,5250000000.0,TZD06032019,739,863.99,0.0,0.149973,TRMTZDWWWWW9,10665115.0,2595976.81,17309600.0
67,2589589.14,2019-03-07T13:50:07,100000000.0,2019-03-07,TZD,5250000000.0,TZD07032019,735,732.38,0.0,0.149344,TRMTZDWWWWW9,10667159.0,2570117.54,17209400.0
68,2548023.74,2019-03-08T10:50:00,100000000.0,2019-03-08,TZD,5250000000.0,TZD08032019,730,230.06,0.0,0.14778,TRMTZDWWWWW9,10668181.0,2516508.76,17028800.0
69,2511030.63,2019-03-11T10:50:00,100000000.0,2019-03-11,TZD,5250000000.0,TZD11032019,728,981.8,0.0,0.146758,TRMTZDWWWWW9,10669025.0,2505444.1,17071900.0
70,2501837.93,2019-03-12T10:22:47,100000000.0,2019-03-12,TZD,5250000000.0,TZD12032019,730,503.63,0.0,0.145576,TRMTZDWWWWW9,10670672.0,2476711.84,17013200.0
71,2537393.56,2019-03-13T10:50:00,100000000.0,2019-03-13,TZD,5250000000.0,TZD13032019,731,551.33,0.0,0.146896,TRMTZDWWWWW9,10673197.0,2499603.06,17016100.0
72,2510769.21,2019-03-14T10:50:00,100000000.0,2019-03-14,TZD,5250000000.0,TZD14032019,728,988.03,0.0,0.147209,TRMTZDWWWWW9,10675901.0,2496206.1,16956900.0
73,2364288.01,2019-03-15T10:50:00,100000000.0,2019-03-15,TZD,5250000000.0,TZD15032019,728,425.65,0.0,0.147739,TRMTZDWWWWW9,10678638.0,2414755.29,16344700.0
74,2255026.39,2019-03-18T10:30:32,100000000.0,2019-03-18,TZD,5250000000.0,TZD18032019,726,252.31,0.0,0.148783,TRMTZDWWWWW9,10680952.0,2302938.42,15478500.0
75,2342865.1,2019-03-19T10:50:00,100000000.0,2019-03-19,TZD,5250000000.0,TZD19032019,728,967.32,0.0,0.150731,TRMTZDWWWWW9,10683627.0,2297851.4,15244700.0
76,2308848.44,2019-03-20T10:24:48,100000000.0,2019-03-20,TZD,5250000000.0,TZD20032019,731,21.5,0.0,0.151283,TRMTZDWWWWW9,10686248.0,2278129.09,15058700.0
77,2363416.52,2019-03-21T10:50:00,100000000.0,2019-03-21,TZD,5250000000.0,TZD20032019,727,72.23,0.0,0.149506,TRMTZDWWWWW9,10689799.0,2233230.42,14937400.0
78,2662530.25,2019-03-22T09:50:00,100000000.0,2019-03-22,TZD,5250000000.0,TZD21032019,725,310.37,0.0,0.149568,TRMTZDWWWWW9,10691739.0,2498000.07,16701400.0
79,2199859.4,2019-03-25T09:50:00,100000000.0,2019-03-25,TZD,5250000000.0,TZD24032019,724,166.42,0.0,0.144633,TRMTZDWWWWW9,10695025.0,2375725.83,16425900.0
80,2115092.79,2019-03-26T09:50:00,100000000.0,2019-03-26,TZD,5250000000.0,TZD25032019,724,501.48,0.0,0.143696,TRMTZDWWWWW9,11877261.0,2098372.87,14602900.0
81,2089427.4,2019-03-27T09:50:00,100000000.0,2019-03-27,TZD,5250000000.0,TZD26032019,726,164.76,0.0,0.141271,TRMTZDWWWWW9,11879937.0,2084624.06,14756200.0
82,1986046.76,2019-03-28T09:50:00,100000000.0,2019-03-28,TZD,5250000000.0,TZD27032019,726,106.27,0.0,0.134119,TRMTZDWWWWW9,11882532.0,1958905.11,14605700.0
83,1976643.4,2019-03-29T10:50:01,100000000.0,2019-03-29,TZD,5250000000.0,TZD28032019,725,651.53,0.0,0.135755,TRMTZDWWWWW9,11885294.0,1983793.51,14613000.0
84,2110578.17,2019-04-01T09:50:00,100000000.0,2019-04-01,TZD,5250000000.0,TZD01042019,728,765.01,0.0,0.137865,TRMTZDWWWWW9,11889363.0,2065304.23,14980600.0
85,2326916.8,2019-04-02T09:50:00,100000000.0,2019-04-02,TZD,5250000000.0,TZD02042019,731,133.25,0.0,0.138081,TRMTZDWWWWW9,11891105.0,2117047.53,15331900.0
86,2400025.55,2019-04-03T09:50:00,100000000.0,2019-04-03,TZD,5250000000.0,TZD03042019,745,609.27,0.0,0.137605,TRMTZDWWWWW9,11891876.0,2251527.43,16362200.0
87,2559834.05,2019-04-04T09:50:00,100000000.0,2019-04-04,TZD,5250000000.0,TZD04042019,746,184.43,0.0,0.138983,TRMTZDWWWWW9,11892650.0,2298506.19,16538000.0
88,2986132.48,2019-04-05T10:50:00,100000000.0,2019-04-05,TZD,5250000000.0,TZD05042019,748,781.99,200136.71,0.144243,TRMTZDWWWWW9,11893425.0,2675484.94,18548500.0
89,2707459.24,2019-04-08T10:50:00,100000000.0,2019-04-08,TZD,5250000000.0,TZD08042019,749,602.66,0.0,0.144734,TRMTZDWWWWW9,11894198.0,2673126.66,18469200.0
90,6932312.89,2019-04-09T09:50:00,100000000.0,2019-04-09,TZD,5250000000.0,TZD09042019,2925,435.13,0.0,0.142386,TRMTZDWWWWW9,11895430.0,6889988.73,48389366.928
91,7017824.94,2019-04-10T09:50:00,100000000.0,2019-04-10,TZD,5250000000.0,TZD10042019,2924,310.49,0.0,0.143823,TRMTZDWWWWW9,11895726.0,6993391.7,48625057.716
92,6981452.68,2019-04-11T09:50:00,100000000.0,2019-04-11,TZD,5250000000.0,TZD11042019,2925,205.86,0.0,0.142079,TRMTZDWWWWW9,11896506.0,6874646.12,48385994.732
93,6839895.27,2019-04-12T10:50:00,100000000.0,2019-04-12,TZD,5250000000.0,TZD12042019,2922,552.52,0.0,0.140994,TRMTZDWWWWW9,11897270.0,6829561.03,48438746.732
94,6833094.11,2019-04-15T10:50:01,100000000.0,2019-04-15,TZD,5250000000.0,TZD15042019,2922,977.59,0.0,0.140808,TRMTZDWWWWW9,11898034.0,6770502.01,48083270.732
95,6897511.99,2019-04-16T10:50:01,100000000.0,2019-04-16,TZD,5250000000.0,TZD16042019,2924,862.2,0.0,0.140026,TRMTZDWWWWW9,11898804.0,6623545.87,47302370.732
96,6906612.8,2019-04-17T09:50:00,100000000.0,2019-04-17,TZD,5250000000.0,TZD17042019,2926,909.81,0.0,0.142012,TRMTZDWWWWW9,11899569.0,6798770.23,47874570.732
97,6930147.97,2019-04-18T10:50:00,100000000.0,2019-04-18,TZD,5250000000.0,TZD18042019,2924,422.94,0.0,0.143883,TRMTZDWWWWW9,11900333.0,6867815.57,47732015.732
98,6910319.37,2019-04-19T09:50:00,100000000.0,2019-04-19,TZD,5250000000.0,TZD19042019,2925,813.04,0.0,0.142403,TRMTZDWWWWW9,11901097.0,6926157.4,48637615.732
99,7115544.67,2019-04-22T10:50:03,100000000.0,2019-04-22,TZD,5250000000.0,TZD22042019,2922,753.47,0.0,0.142573,TRMTZDWWWWW9,11901856.0,6930491.37,48610260.732
100,6893533.27,2019-04-24T10:50:01,100000000.0,2019-04-24,TZD,5250000000.0,TZD24042019,2921,607.53,0.0,0.141454,TRMTZDWWWWW9,11902620.0,6879193.91,48632083.732
101,6900164.15,2019-04-25T10:50:00,100000000.0,2019-04-25,TZD,5250000000.0,TZD25042019,2924,705.1,0.0,0.141576,TRMTZDWWWWW9,11903389.0,6888316.35,48654683.732
102,6817088.76,2019-04-26T09:50:01,100000000.0,2019-04-26,TZD,5250000000.0,TZD26042019,2925,634.0,0.0,0.138867,TRMTZDWWWWW9,11904153.0,6671010.37,48038783.732
103,6716233.45,2019-04-29T10:50:00,100000000.0,2019-04-29,TZD,5250000000.0,TZD29042019,2925,267.31,0.0,0.139476,TRMTZDWWWWW9,11904918.0,6695935.81,48007683.732
104,6710472.92,2019-04-30T10:50:00,100000000.0,2019-04-30,TZD,5250000000.0,TZD30042019,2924,799.81,0.0,0.138829,TRMTZDWWWWW9,11905692.0,6672625.42,48063683.732
105,6805461.21,2019-05-02T09:50:01,100000000.0,2019-05-02,TZD,5250000000.0,TZD02052019,2921,529.54,0.0,0.139989,TRMTZDWWWWW9,11906455.0,6760141.19,48290383.732
106,6692147.89,2019-05-03T09:50:00,100000000.0,2019-05-03,TZD,5250000000.0,TZD03052019,2917,667.84,0.0,0.138249,TRMTZDWWWWW9,11907232.0,6671596.9,48257683.732
107,6976021.32,2019-05-06T09:50:00,100000000.0,2019-05-06,TZD,5250000000.0,TZD06052019,2923,526.6,0.0,0.13788,TRMTZDWWWWW9,11907999.0,6619074.8,48006183.732
108,6669081.78,2019-05-07T10:50:01,100000000.0,2019-05-07,TZD,5250000000.0,TZD07052019,2920,927.01,0.0,0.136581,TRMTZDWWWWW9,11908753.0,6565569.87,48070883.732
109,6101582.88,2019-05-08T10:50:00,100000000.0,2019-05-08,TZD,5250000000.0,TZD08052019,2922,665.78,0.0,0.134419,TRMTZDWWWWW9,11909521.0,6484533.46,48241183.732
110,6457875.24,2019-05-09T10:50:00,100000000.0,2019-05-09,TZD,5250000000.0,TZD09052019,2925,930.65,0.0,0.134639,TRMTZDWWWWW9,11910301.0,6370489.35,47315183.732
111,6647911.27,2019-05-10T10:50:00,100000000.0,2019-05-10,TZD,5250000000.0,TZD10052019,2923,3.09,0.0,0.13278,TRMTZDWWWWW9,11911055.0,6401882.09,48214383.732
112,7099895.8,2019-05-13T10:50:01,100000000.0,2019-05-13,TZD,5250000000.0,TZD13052019,2923,287.7,400816.99,0.13278,TRMTZDWWWWW9,11911820.0,6688921.18,50376006.732
113,7297469.17,2019-05-14T10:52:44,100000000.0,2019-05-14,TZD,5250000000.0,TZD14052019,2926,185.54,400269.04,0.129697,TRMTZDWWWWW9,11912589.0,6658668.51,51340029.732
114,7555731.23,2019-05-15T10:50:00,100000000.0,2019-05-15,TZD,5250000000.0,TZD15052019,2926,151.82,400270.14,0.132432,TRMTZDWWWWW9,11913356.0,7038638.46,53148929.732
115,7193105.81,2019-05-16T10:50:00,100000000.0,2019-05-16,TZD,5250000000.0,TZD16052019,2925,711.34,0.0,0.131541,TRMTZDWWWWW9,11914130.0,7041913.91,53533929.732
116,7283580.67,2019-05-17T10:50:00,100000000.0,2019-05-17,TZD,5250000000.0,TZD17052019,2926,516.82,0.0,0.131162,TRMTZDWWWWW9,11914897.0,7140160.53,54437629.732
117,7151026.44,2019-05-20T09:50:00,100000000.0,2019-05-20,TZD,5250000000.0,TZD20052019,2926,728.79,0.0,0.130509,TRMTZDWWWWW9,11915664.0,7114633.66,54514329.732
118,7130628.92,2019-05-21T10:50:00,100000000.0,2019-05-21,TZD,5250000000.0,TZD21052019,2924,960.81,0.0,0.130624,TRMTZDWWWWW9,11916443.0,7092992.85,54301029.732
119,7021042.95,2019-05-22T10:50:00,100000000.0,2019-05-22,TZD,5250000000.0,TZD22052019,2926,547.27,0.0,0.128602,TRMTZDWWWWW9,11917199.0,6979063.2,54268529.732
120,7231002.26,2019-05-23T09:50:01,100000000.0,2019-05-23,TZD,5250000000.0,TZD23052019,2923,466.61,0.0,0.126224,TRMTZDWWWWW9,11917967.0,6938880.83,54972629.732
121,7268471.64,2019-05-24T10:50:00,100000000.0,2019-05-24,TZD,5250000000.0,TZD24052019,2921,942.54,0.0,0.127231,TRMTZDWWWWW9,11918734.0,6996219.64,54988160.732
122,7714754.81,2019-05-27T11:50:00,100000000.0,2019-05-27,TZD,5250000000.0,TZD27052019,2924,18.31,0.0,0.12919,TRMTZDWWWWW9,11919501.0,6977777.95,54011860.732
123,8193421.57,2019-05-28T10:50:00,100000000.0,2019-05-28,TZD,5250000000.0,TZD28052019,2925,545.54,0.0,0.128175,TRMTZDWWWWW9,11920268.0,7595636.05,59260060.732
124,7707689.71,2019-05-29T10:50:00,100000000.0,2019-05-29,TZD,5250000000.0,TZD29052019,2926,149.59,0.0,0.129772,TRMTZDWWWWW9,11921048.0,7686688.08,59232360.732
125,7767855.95,2019-05-30T08:50:00,100000000.0,2019-05-30,TZD,5250000000.0,TZD30052019,262,133.36,0.0,0.130219,TRMTZDWWWWW9,11921802.0,7778081.37,59730860.732
126,8001891.83,2019-05-31T10:50:00,100000000.0,2019-05-31,TZD,5250000000.0,TZD31052019,2923,4.18,0.0,0.134296,TRMTZDWWWWW9,11922569.0,7930135.51,59049860.732
127,8004129.43,2019-06-03T11:50:00,100000000.0,2019-06-03,TZD,5250000000.0,TZD03062019,2922,791.72,0.0,0.135614,TRMTZDWWWWW9,11923356.0,8000720.84,58996260.732
128,8095242.82,2019-06-07T09:50:00,100000000.0,2019-06-07,TZD,5250000000.0,TZD07062019,2928,2644.21,410100.38,0.135283,TRMTZDWWWWW9,11924123.0,7910303.59,58472260.732
129,8219713.15,2019-06-10T11:50:00,100000000.0,2019-06-10,TZD,5250000000.0,TZD10062019,2930,56.88,0.0,0.14046,TRMTZDWWWWW9,11924876.0,8219170.25,58515944.732
130,8270370.35,2019-06-11T11:50:00,100000000.0,2019-06-11,TZD,5250000000.0,TZD11062019,2931,203.7,0.0,0.140965,TRMTZDWWWWW9,11925662.0,8154164.72,57845144.732
131,8281613.79,2019-06-12T10:50:00,100000000.0,2019-06-12,TZD,5250000000.0,TZD12062019,2932,458.58,0.0,0.138948,TRMTZDWWWWW9,11926429.0,8058868.19,57999244.732
132,8116580.69,2019-06-13T10:50:00,100000000.0,2019-06-13,TZD,5250000000.0,TZD13062019,2927,433.78,0.0,0.139014,TRMTZDWWWWW9,11927199.0,8071103.47,58059644.732
133,7886977.48,2019-06-14T10:50:00,100000000.0,2019-06-14,TZD,5250000000.0,TZD14062019,2920,651.16,0.0,0.135785,TRMTZDWWWWW9,11927952.0,7864426.14,57918144.732
134,7500631.56,2019-06-17T10:50:00,100000000.0,2019-06-17,TZD,5250000000.0,TZD17062019,2921,988.52,0.0,0.136049,TRMTZDWWWWW9,11928715.0,7888019.86,57979044.732
135,7636945.05,2019-06-18T11:50:00,100000000.0,2019-06-18,TZD,5250000000.0,TZD18062019,2924,698.53,0.0,0.138203,TRMTZDWWWWW9,11929483.0,7770149.57,56222644.732
136,7948885.71,2019-06-19T09:26:25,100000000.0,2019-06-19,TZD,5250000000.0,TZD19062019,2924,244.84,0.0,0.141026,TRMTZDWWWWW9,11930269.0,7919722.12,56158044.732
137,8119240.84,2019-06-20T09:27:26,100000000.0,2019-06-20,TZD,5250000000.0,TZD20062019,2922,875.42,0.0,0.141174,TRMTZDWWWWW9,11931022.0,8052920.0,57042444.732
138,8105350.98,2019-06-21T09:29:41,100000000.0,2019-06-21,TZD,5250000000.0,TZD21062019,2919,737.87,0.0,0.141401,TRMTZDWWWWW9,11931809.0,8015888.17,56688915.732
139,8026708.79,2019-06-24T09:25:53,100000000.0,2019-06-24,TZD,5250000000.0,TZD24062019,2913,268.93,0.0,0.141331,TRMTZDWWWWW9,11932570.0,7987132.8,56513515.732
140,8114737.16,2019-06-25T09:26:06,100000000.0,2019-06-25,TZD,5250000000.0,TZD25062019,2914,847.55,0.0,0.143353,TRMTZDWWWWW9,11933337.0,8098515.83,56493615.732
141,8131218.86,2019-06-26T09:27:22,100000000.0,2019-06-26,TZD,5250000000.0,TZD26062019,2916,608.83,0.0,0.143625,TRMTZDWWWWW9,11934109.0,8010923.41,55776815.732
142,7976008.56,2019-06-27T09:29:53,100000000.0,2019-06-27,TZD,5250000000.0,TZD27062019,2919,812.26,0.0,0.142662,TRMTZDWWWWW9,11934878.0,7932213.19,55601615.732
143,8011653.66,2019-06-28T09:29:41,100000000.0,2019-06-28,TZD,5250000000.0,TZD28062019,2918,721.34,0.0,0.143819,TRMTZDWWWWW9,11935658.0,7987753.76,55540348.732
144,8062537.31,2019-07-01T09:25:06,100000000.0,2019-07-01,TZD,5250000000.0,TZD01072019,2915,155.97,0.0,0.144996,TRMTZDWWWWW9,11936434.0,8038394.07,55438560.732
145,7994058.06,2019-07-02T09:25:06,100000000.0,2019-07-02,TZD,5250000000.0,TZD02072019,2912,386.12,0.0,0.150104,TRMTZDWWWWW9,11937206.0,8320369.28,55430860.732
146,8084360.22,2019-07-03T09:29:26,100000000.0,2019-07-03,TZD,5250000000.0,TZD03072019,2911,577.91,0.0,0.150504,TRMTZDWWWWW9,11937976.0,8224348.89,54645360.732
147,8157004.26,2019-07-04T09:30:52,100000000.0,2019-07-04,TZD,5250000000.0,TZD04072019,2907,185.45,0.0,0.149183,TRMTZDWWWWW9,11938761.0,8032889.68,53845883.732
148,8071280.54,2019-07-05T09:30:20,100000000.0,2019-07-05,TZD,5250000000.0,TZD05072019,2906,755.39,0.0,0.149647,TRMTZDWWWWW9,11939530.0,8043670.04,53750783.732
149,8080742.43,2019-07-08T09:25:53,100000000.0,2019-07-08,TZD,5250000000.0,TZD08072019,2907,413.35,0.0,0.149947,TRMTZDWWWWW9,11940295.0,8056732.73,53730683.732
150,7972245.03,2019-07-09T09:26:28,100000000.0,2019-07-09,TZD,5250000000.0,TZD09072019,2905,895.74,0.0,0.148209,TRMTZDWWWWW9,11941057.0,7965704.87,53746383.732
151,7966584.6,2019-07-10T09:27:35,100000000.0,2019-07-10,TZD,5250000000.0,TZD10072019,2907,36.45,0.0,0.14519,TRMTZDWWWWW9,11941836.0,7884576.99,54305383.732
152,8034718.42,2019-07-11T10:50:01,100000000.0,2019-07-11,TZD,5250000000.0,TZD11072019,2906,117.25,0.0,0.147787,TRMTZDWWWWW9,11942600.0,8018215.77,54255222.732
153,8086853.5,2019-07-12T09:30:32,100000000.0,2019-07-12,TZD,5250000000.0,TZD12072019,2903,421.06,0.0,0.148909,TRMTZDWWWWW9,11943371.0,8076518.94,54237914.732
154,7916462.2,2019-07-16T09:25:04,100000000.0,2019-07-16,TZD,5250000000.0,TZD16072019,2900,968.5,0.0,0.145546,TRMTZDWWWWW9,11944165.0,7885633.55,54179614.732
155,7971067.15,2019-07-17T11:50:00,100000000.0,2019-07-17,TZD,5250000000.0,TZD17072019,2898,724.25,0.0,0.14709,TRMTZDWWWWW9,11945040.0,7761372.12,52766127.732
156,7930401.55,2019-07-18T09:30:56,100000000.0,2019-07-18,TZD,5250000000.0,TZD18072019,2900,697.73,0.0,0.150144,TRMTZDWWWWW9,11945693.0,7918438.09,52738927.732
157,8074423.72,2019-07-19T09:30:27,100000000.0,2019-07-19,TZD,5250000000.0,TZD19072019,2895,43.23,0.0,0.152889,TRMTZDWWWWW9,11946464.0,8056410.46,52694627.732
158,8275408.56,2019-07-22T09:25:38,100000000.0,2019-07-22,TZD,5250000000.0,TZD22072019,2898,446.41,0.0,0.153344,TRMTZDWWWWW9,11947223.0,8238607.11,53726250.732
159,8201106.77,2019-07-23T09:25:44,100000000.0,2019-07-23,TZD,5250000000.0,TZD23072019,2893,911.16,0.0,0.15228,TRMTZDWWWWW9,11948014.0,8178713.3,53708350.732
160,8307878.82,2019-07-24T09:27:35,100000000.0,2019-07-24,TZD,5250000000.0,TZD24072019,2889,235.57,0.0,0.154346,TRMTZDWWWWW9,11948773.0,8178596.45,52988850.732
161,7419925.88,2019-07-25T09:30:12,100000000.0,2019-07-25,TZD,5250000000.0,TZD25072019,2882,210.62,0.0,0.155398,TRMTZDWWWWW9,11949538.0,8243509.53,53047650.732
162,7309923.62,2019-07-26T09:30:53,100000000.0,2019-07-26,TZD,5250000000.0,TZD26072019,2881,46.4,0.0,0.153309,TRMTZDWWWWW9,11950327.0,7289035.96,47544650.732
163,7378362.27,2019-07-29T09:26:59,100000000.0,2019-07-29,TZD,5250000000.0,TZD29072019,2876,11.3,0.0,0.154768,TRMTZDWWWWW9,11951084.0,7321361.94,47305249.977
164,7381798.81,2019-07-30T09:29:28,100000000.0,2019-07-30,TZD,5250000000.0,TZD30072019,2880,742.93,0.0,0.155472,TRMTZDWWWWW9,11951835.0,7363981.66,47365272.977
165,7314082.44,2019-07-31T09:31:36,100000000.0,2019-07-31,TZD,5250000000.0,TZD31072019,2885,765.95,0.0,0.153707,TRMTZDWWWWW9,11952634.0,7149152.96,46511436.977
166,7370722.38,2019-08-01T09:34:30,100000000.0,2019-08-01,TZD,5250000000.0,TZD01082019,2888,177.58,0.0,0.152464,TRMTZDWWWWW9,11953409.0,7324299.85,48039536.977
167,7248618.31,2019-08-02T09:34:41,100000000.0,2019-08-02,TZD,5250000000.0,TZD02082019,2890,607.28,0.0,0.151868,TRMTZDWWWWW9,11954179.0,7299733.94,48066236.977
168,7089940.04,2019-08-05T09:27:23,100000000.0,2019-08-05,TZD,5250000000.0,TZD05082019,2886,377.52,0.0,0.148822,TRMTZDWWWWW9,11954937.0,7131495.4,47919492.977
169,7081744.2,2019-08-06T09:29:05,100000000.0,2019-08-06,TZD,5250000000.0,TZD06082019,2883,63.02,0.0,0.147311,TRMTZDWWWWW9,11955722.0,7041724.21,47801692.977
170,7100607.9,2019-08-07T09:31:04,100000000.0,2019-08-07,TZD,5250000000.0,TZD07082019,2879,909.29,0.0,0.14869,TRMTZDWWWWW9,11956476.0,6874559.83,46234092.977
171,6783782.93,2019-08-08T09:35:28,100000000.0,2019-08-08,TZD,5250000000.0,TZD08082019,2877,242.17,0.0,0.146351,TRMTZDWWWWW9,11957261.0,6763719.94,46215734.977
172,6822404.16,2019-08-09T09:35:36,100000000.0,2019-08-09,TZD,5250000000.0,TZD09082019,2872,152.59,0.0,0.147481,TRMTZDWWWWW9,11958031.0,6816254.45,46217734.977
173,6839193.19,2019-08-15T09:31:18,100000000.0,2019-08-15,TZD,5250000000.0,TZD15082019,2875,240.44,0.0,0.147614,TRMTZDWWWWW9,11958785.0,6816872.97,46180334.977
174,6638466.01,2019-08-16T09:31:14,100000000.0,2019-08-16,TZD,5250000000.0,TZD16082019,2876,944.46,0.0,0.143086,TRMTZDWWWWW9,11959557.0,6630128.19,46336534.977
175,6602880.95,2019-08-19T10:50:01,100000000.0,2019-08-19,TZD,5250000000.0,TZD19082019,2881,940.33,0.0,0.141565,TRMTZDWWWWW9,11960340.0,6590761.54,46556434.977
176,6584143.32,2019-08-20T09:50:00,100000000.0,2019-08-20,TZD,5250000000.0,TZD20082019,2881,211.91,0.0,0.14073,TRMTZDWWWWW9,11961095.0,6571902.27,46698534.977
177,6634699.4,2019-08-27T09:19:30,100000000.0,2019-08-21,TZD,5250000000.0,TZD21082019,2886,825.3,0.0,0.141829,TRMTZDWWWWW9,11962756.0,6611958.32,46619234.977
178,6581591.2,2019-08-27T09:22:43,100000000.0,2019-08-22,TZD,5250000000.0,TZD22082019,2889,528.39,0.0,0.140972,TRMTZDWWWWW9,11963525.0,6564648.2,46567099.977
179,6551703.21,2019-08-27T09:26:16,100000000.0,2019-08-23,TZD,5250000000.0,TZD23082019,2888,84.63,0.0,0.140709,TRMTZDWWWWW9,11964294.0,6543121.21,46501099.977
180,6715788.07,2019-08-26T11:50:00,100000000.0,2019-08-26,TZD,5250000000.0,TZD26082019,2887,971.19,0.0,0.143336,TRMTZDWWWWW9,11961981.0,6702752.58,46762599.977
181,6720421.62,2019-08-27T09:32:24,100000000.0,2019-08-27,TZD,5250000000.0,TZD27082019,2889,554.3,0.0,0.14324,TRMTZDWWWWW9,11965036.0,6706511.42,46819999.977
182,6818540.54,2019-08-29T09:31:37,100000000.0,2019-08-28,TZD,5250000000.0,TZD28082019,2889,923.29,0.0,0.142054,TRMTZDWWWWW9,11965729.0,6654342.07,46843599.977
183,6858404.16,2019-08-30T09:31:36,100000000.0,2019-08-29,TZD,5250000000.0,TZD29082019,2886,760.5,0.0,0.14157,TRMTZDWWWWW9,11966499.0,6634401.53,46863099.977
184,6829807.74,2019-09-02T09:26:55,100000000.0,2019-09-02,TZD,5250000000.0,TZD02092019,2885,654.51,0.0,0.142451,TRMTZDWWWWW9,11967361.0,6747553.18,47367599.977
185,6927349.21,2019-09-03T10:50:03,100000000.0,2019-09-03,TZD,5250000000.0,TZD03092019,2886,306.68,0.0,0.145128,TRMTZDWWWWW9,11968045.0,6910557.23,47617099.977
186,6975211.01,2019-09-04T10:50:01,100000000.0,2019-09-04,TZD,5250000000.0,TZD04092019,2891,554.22,0.0,0.146022,TRMTZDWWWWW9,11968820.0,6935357.1,47495270.977
187,7028174.56,2019-09-05T09:34:31,100000000.0,2019-09-05,TZD,5250000000.0,TZD05092019,2889,959.75,0.0,0.147565,TRMTZDWWWWW9,11969590.0,6943510.99,47054070.977
188,7009789.59,2019-09-06T09:34:08,100000000.0,2019-09-06,TZD,5250000000.0,TZD06092019,2886,582.49,0.0,0.148226,TRMTZDWWWWW9,11970361.0,6991993.92,47171070.977
189,6934467.69,2019-09-09T10:50:01,100000000.0,2019-09-09,TZD,5250000000.0,TZD09092019,2887,955.88,0.0,0.146432,TRMTZDWWWWW9,11971211.0,6928239.42,47313782.977
190,7099557.2,2019-09-10T09:50:00,100000000.0,2019-09-10,TZD,5250000000.0,TZD10092019,2887,189.36,0.0,0.148824,TRMTZDWWWWW9,11971899.0,7078482.96,47562782.977
191,7301138.76,2019-09-11T09:31:14,100000000.0,2019-09-11,TZD,5250000000.0,TZD11092019,2887,866.98,0.0,0.14967,TRMTZDWWWWW9,11972669.0,7281043.9,48647282.977
192,7346986.37,2019-09-12T09:35:06,100000000.0,2019-09-12,TZD,5250000000.0,TZD12092019,2883,1.18,0.0,0.150852,TRMTZDWWWWW9,11973421.0,7338100.55,48644282.977
193,7385204.73,2019-09-13T09:35:12,100000000.0,2019-09-13,TZD,5250000000.0,TZD13092019,2883,148.14,0.0,0.151592,TRMTZDWWWWW9,11974206.0,7350609.43,48489382.977
194,7718814.13,2019-09-16T09:29:10,100000000.0,2019-09-16,TZD,5250000000.0,TZD16092019,2885,391.59,0.0,0.152433,TRMTZDWWWWW9,11974974.0,7378878.75,48407382.977
195,7468468.68,2019-09-17T09:33:24,100000000.0,2019-09-17,TZD,5250000000.0,TZD17092019,2886,364.52,0.0,0.151227,TRMTZDWWWWW9,11975749.0,7318872.72,48396582.977
196,7507189.83,2019-09-18T09:35:26,100000000.0,2019-09-18,TZD,5250000000.0,TZD18092019,2892,813.69,0.0,0.149678,TRMTZDWWWWW9,11976500.0,7322687.13,48922782.977
197,7942978.95,2019-09-19T09:37:09,100000000.0,2019-09-19,TZD,5250000000.0,TZD19092019,2894,779.32,0.0,0.149997,TRMTZDWWWWW9,11977273.0,7583096.93,50554982.977
198,7630549.89,2019-09-20T09:38:54,100000000.0,2019-09-20,TZD,5250000000.0,TZD20092019,2888,355.9,0.0,0.147539,TRMTZDWWWWW9,11978035.0,7430828.42,50365138.977
199,7426995.72,2019-09-23T09:31:28,100000000.0,2019-09-23,TZD,5250000000.0,TZD23092019,2886,14.49,0.0,0.147419,TRMTZDWWWWW9,11978785.0,7427394.0,50382738.977
200,,2019-09-26T15:19:34.698,,2019-09-24,TZD,,TZD24092019,2892,,,0.147073,,,7412828.49,50402238.977
201,,2019-09-26T15:19:34.647,,2019-09-25,TZD,,TZD25092019,2894,,,0.149662,,,7523764.47,50271838.977
202,,2019-09-27T15:06:11.516,,2019-09-26,TZD,,TZD26092019,2895,,,0.150706,,,7602756.59,50447738.977
203,,2019-09-30T14:27:10.036,,2019-09-27,TZD,,TZD27092019,2898,,,0.149552,,,7475380.91,49985238.977
204,,2019-10-01T13:56:53.06,,2019-09-30,TZD,,TZD30092019,2898,,,0.154353,,,7646855.29,49541438.977
205,,2019-10-02T09:50:07.22,,2019-10-01,TZD,,TZD01102019,2902,,,0.154369,,,7627721.78,49412138.977
206,,2019-10-03T10:09:15.826,,2019-10-02,TZD,,TZD02102019,2894,,,0.1525,,,7019986.73,46032738.977
207,,2019-10-04T09:55:17.179,,2019-10-03,TZD,,TZD03102019,2892,,,0.152032,,,7060691.22,46442138.977
208,,2019-10-07T08:57:12.718,,2019-10-04,TZD,,TZD04102019,2892,,,0.150831,,,6991696.28,46354538.977
209,,2019-10-08T09:50:29.531,,2019-10-07,TZD,,TZD07102019,2890,,,0.151715,,,7039377.59,46398838.977
210,,2019-10-09T09:53:01.813,,2019-10-08,TZD,,TZD08102019,2893,,,0.150795,,,6918126.75,45877638.977
211,,2019-10-10T09:50:47.002,,2019-10-09,TZD,,TZD09102019,2890,,,0.149522,,,7091000.99,47424338.977
212,,2019-10-11T09:32:47.194,,2019-10-10,TZD,,TZD10102019,2892,,,0.146552,,,7229348.6,49329638.977
213,,2019-10-14T09:54:20.319,,2019-10-11,TZD,,TZD11102019,2896,,,0.145644,,,7049364.23,48401263.977
214,,2019-10-15T11:27:41.176,,2019-10-14,TZD,,TZD14102019,2896,,,0.145959,,,7090205.87,48576563.977
215,,2019-10-16T14:24:31.198,,2019-10-15,TZD,,TZD15102019,2893,,,0.138825,,,6714295.21,48365263.977
216,,2019-10-17T08:39:13.993,,2019-10-16,TZD,,TZD16102019,2893,,,0.140741,,,6898062.81,49012463.977
217,,2019-10-17T17:06:43.844,,2019-10-17,TZD,,TZD17102019,262,,,0.139008,,,6861699.65,49361963.977
218,,2019-10-18T17:19:28.306,,2019-10-18,TZD,,TZD18102019,267,,,0.140031,,,7315308.52,52240663.977
219,,2019-10-21T13:55:41.034,,2019-10-21,TZD,,TZD21102019,265,,,0.145378,,,7624259.17,52444263.977
220,,2019-10-22T11:59:01.197,,2019-10-22,TZD,,TZD22102019,276,,,0.143959,,,8087325.05,56178063.977
221,,2019-10-23T11:59:05.675,,2019-10-23,TZD,,TZD23102019,282,,,0.144645,,,8353349.15,57750863.977
222,,2019-10-24T11:59:01.676,,2019-10-24,TZD,,TZD24102019,284,,,0.147516,,,8428874.62,57138863.977
223,,2019-10-25T11:59:01.512,,2019-10-25,TZD,,TZD25102019,288,,,0.148102,,,8813570.12,59510063.977
224,,2019-10-28T11:54:01.44,,2019-10-28,TZD,,TZD28102019,290,,,0.147841,,,8773854.49,59346463.977
225,,2019-10-30T11:54:01.492,,2019-10-30,TZD,,TZD30102019,287,,,0.147119,,,8600742.48,58461063.977
226,,2019-10-31T11:54:01.01,,2019-10-31,TZD,,TZD31102019,291,,,0.145211,,,8573483.94,59041363.977
227,,2019-11-01T11:54:01.982,,2019-11-01,TZD,,TZD01112019,293,,,0.144754,,,8429647.43,58234363.977
228,,2019-11-04T11:54:01.552,,2019-11-04,TZD,,TZD04112019,291,,,0.144937,,,8431271.05,58171863.977
229,,2019-11-05T11:54:02.452,,2019-11-05,TZD,,TZD05112019,287,,,0.147645,,,8358217.37,56610263.977
230,,2019-11-06T11:54:01.104,,2019-11-06,TZD,,TZD06112019,288,,,0.148206,,,8446176.75,56989263.977
231,,2019-11-07T11:54:00.813,,2019-11-07,TZD,,TZD07112019,284,,,0.149,,,8502972.29,57067063.977
232,,2019-11-08T11:54:00.851,,2019-11-08,TZD,,TZD08112019,285,,,0.15277,,,8752868.3,57294363.977
233,,2019-11-11T11:54:01.929,,2019-11-11,TZD,,TZD11112019,284,,,0.152416,,,9156076.36,60072863.977
234,,2019-11-12T11:54:01.58,,2019-11-12,TZD,,TZD12112019,289,,,0.152318,,,9183329.0,60290363.977
235,,2019-11-13T11:54:01.915,,2019-11-13,TZD,,TZD13112019,292,,,0.153907,,,9058423.89,58856363.977
236,,2019-11-14T11:54:00.914,,2019-11-14,TZD,,TZD14112019,289,,,0.155109,,,9489013.29,61176337.977
237,,2019-11-15T14:53:22.262,,2019-11-15,TZD,,TZD15112019,289,,,0.15352,,,8726327.53,56841637.977
238,,2019-11-18T11:54:06.579,,2019-11-18,TZD,,TZD18112019,287,,,0.155815,,,9236348.45,59277637.977
239,,2019-11-19T11:54:01.098,,2019-11-19,TZD,,TZD19112019,291,,,0.158036,,,9498135.96,60100986.977
240,,2019-11-20T11:54:01.53,,2019-11-20,TZD,,TZD20112019,310,,,0.159021,,,10001726.95,62895786.977
241,,2019-11-21T11:54:03.434,,2019-11-21,TZD,,TZD21112019,318,,,0.158054,,,11401995.63,72139751.977
242,,2019-11-22T11:54:01.361,,2019-11-22,TZD,,TZD22112019,322,,,0.158008,,,11748042.75,74350951.977
243,,2019-11-25T11:54:01.954,,2019-11-25,TZD,,TZD25112019,331,,,0.157478,,,11910550.28,75633251.977
244,,2019-11-26T11:54:01.734,,2019-11-26,TZD,,TZD26112019,339,,,0.155581,,,11658353.92,74934351.977
245,,2019-11-27T11:54:01.867,,2019-11-27,TZD,,TZD27112019,343,,,0.156837,,,11981742.72,76396251.977
246,,2019-11-28T11:54:01.785,,2019-11-28,TZD,,TZD28112019,333,,,0.155999,,,12012011.38,77000496.977
247,,2019-11-29T11:54:01.006,,2019-11-29,TZD,,TZD29112019,337,,,0.157794,,,12150017.06,76999396.977
248,,2019-12-02T16:07:04.905,,2019-12-02,TZD,,TZD02122019,339,,,0.157519,,,12161009.75,77203496.977
249,,2019-12-03T11:54:00.907,,2019-12-03,TZD,,TZD03122019,343,,,0.159032,,,11737916.21,73808296.977
250,,2019-12-04T14:55:10.909,,2019-12-04,TZD,,TZD04122019,350,,,0.157269,,,11584691.32,73661513.977
251,,2019-12-05T11:54:00.77,,2019-12-05,TZD,,TZD05122019,352,,,0.158612,,,11969939.71,75466826.977
252,,2019-12-06T11:54:01.745,,2019-12-06,TZD,,TZD06122019,354,,,0.159916,,,20465550.67,127977226.977
253,,2019-12-09T11:54:01.658,,2019-12-09,TZD,,TZD09122019,356,,,0.159761,,,20980973.39,131326926.977
254,,2019-12-10T11:54:01.677,,2019-12-10,TZD,,TZD10122019,361,,,0.159425,,,21039670.03,131972526.977
255,,2019-12-11T11:54:02.419,,2019-12-11,TZD,,TZD11122019,361,,,0.158282,,,21168125.86,133736426.977
256,,2019-12-12T11:54:01.919,,2019-12-12,TZD,,TZD12122019,354,,,0.157957,,,20031725.65,126817749.977
257,,2019-12-13T15:25:09.434,,2019-12-13,TZD,,TZD13122019,345,,,0.161122,,,20359249.12,126358849.977
258,,2019-12-16T11:54:01.422,,2019-12-16,TZD,,TZD16122019,343,,,0.161693,,,19588339.54,121145349.977
259,,2019-12-17T11:54:01.595,,2019-12-17,TZD,,TZD17122019,954,,,0.16255,,,56549790.66,347892559.859
260,,2019-12-18T11:54:00.977,,2019-12-18,TZD,,TZD18122019,961,,,0.162238,,,55825465.4,344095456.053
261,,2019-12-19T11:54:00.815,,2019-12-19,TZD,,TZD19122019,962,,,0.161245,,,55339312.25,343199756.053
262,,2019-12-20T11:54:00.917,,2019-12-20,TZD,,TZD20122019,962,,,0.16107,,,55308709.86,343383156.053
263,,2019-12-23T15:47:23.648,,2019-12-23,TZD,,TZD23122019,959,,,0.161716,,,55941387.93,345924456.053
264,,2019-12-24T13:50:59.428,,2019-12-24,TZD,,TZD24122019,964,,,0.162797,,,157414702.26,966940246.053
265,,2019-12-25T11:54:06.349,,2019-12-25,TZD,,TZD25122019,969,,,0.164198,,,158682059.07,966407468.053
266,,2019-12-26T11:54:00.983,,2019-12-26,TZD,,TZD26122019,967,,,0.164262,,,158587439.73,965453426.053
267,,2019-12-27T11:54:00.926,,2019-12-27,TZD,,TZD27122019,968,,,0.164575,,,158698246.5,964290526.053
268,,2019-12-30T15:02:07.139,,2019-12-30,TZD,,TZD30122019,976,,,0.164521,,,158865692.03,965627726.053
269,,2019-12-31T12:54:01.875,,2019-12-31,TZD,,TZD31122019,979,,,0.166407,,,160845586.81,966579726.053
270,,2020-11-20T11:03:59.168,,2020-01-02,TZD,,TZD02012020,3873,,,0.166189,,,160833373.09,967774026.053
271,,2020-11-20T11:03:59.146,,2020-01-03,TZD,,TZD03012020,3894,,,0.168494,,,141847205.01,841850926.053
272,,2020-11-20T11:03:59.125,,2020-01-06,TZD,,TZD06012020,3904,,,0.165135,,,119836112.73,725685726.053
273,,2020-11-20T11:03:59.104,,2020-01-07,TZD,,TZD07012020,3908,,,0.161912,,,117909896.69,728235326.053
274,,2020-11-20T11:03:59.08,,2020-01-08,TZD,,TZD08012020,3867,,,0.163248,,,117967245.95,722625926.053
275,,2020-11-20T11:03:59.059,,2020-01-09,TZD,,TZD09012020,3865,,,0.164071,,,118457929.43,721990826.053
276,,2020-11-20T11:03:58.299,,2020-01-10,TZD,,TZD10012020,3868,,,0.171595,,,123461713.6,719495726.053
277,,2020-11-20T11:03:58.272,,2020-01-13,TZD,,TZD13012020,3881,,,0.172821,,,125434819.1,725809632.053
278,,2020-11-20T11:03:58.252,,2020-01-14,TZD,,TZD14012020,3890,,,0.17522,,,96025433.84,548027132.053
279,,2020-11-20T11:03:58.224,,2020-01-15,TZD,,TZD15012020,3897,,,0.176941,,,97473938.43,550882932.053
280,,2020-01-16T12:54:00.824,,2020-01-16,TZD,,TZD16012020,1003,,,0.175917,,,96585875.22,549043579.633
281,,2020-01-17T12:54:01.082,,2020-01-17,TZD,,TZD17012020,1008,,,0.176315,,,77193541.62,437816674.629
282,,2020-01-20T12:54:00.844,,2020-01-20,TZD,,TZD20012020,1021,,,0.17705,,,78377146.01,442684474.629
283,,2020-01-21T12:54:02.124,,2020-01-21,TZD,,TZD21012020,1024,,,0.178854,,,79635562.8,445253674.629
284,,2020-01-22T12:54:02.125,,2020-01-22,TZD,,TZD22012020,1040,,,0.180055,,,73614451.02,408844174.629
285,,2020-01-23T12:54:02.311,,2020-01-23,TZD,,TZD23012020,1060,,,0.178558,,,73368943.49,410895962.409
286,,2020-01-24T12:54:00.811,,2020-01-24,TZD,,TZD24012020,1062,,,0.177544,,,73254062.46,412595562.409
287,,2020-01-27T12:54:02.177,,2020-01-27,TZD,,TZD27012020,1059,,,0.177206,,,73121100.1,412633662.409
288,,2020-01-28T12:54:06.799,,2020-01-28,TZD,,TZD28012020,1055,,,0.17428,,,72168797.01,414095862.409
289,,2020-01-29T12:54:04.972,,2020-01-29,TZD,,TZD29012020,1057,,,0.174005,,,71876735.92,413073162.409
290,,2020-01-30T12:54:01.164,,2020-01-30,TZD,,TZD30012020,1061,,,0.17376,,,71565754.68,411864859.409
291,,2020-01-31T12:54:00.838,,2020-01-31,TZD,,TZD31012020,1047,,,0.17408,,,71238137.73,409225259.409
292,,2020-11-20T11:02:41.512,,2020-02-03,TZD,,TZD03022020,3950,,,0.172798,,,70806871.82,409765659.409
293,,2020-11-20T11:02:41.485,,2020-02-04,TZD,,TZD04022020,3953,,,0.172717,,,70725745.06,409488859.409
294,,2020-11-20T11:02:41.448,,2020-02-05,TZD,,TZD05022020,3948,,,0.177291,,,72765038.11,410427559.409
295,,2020-11-20T11:02:41.378,,2020-02-06,TZD,,TZD06022020,3958,,,0.177343,,,53808472.67,303414359.409
296,,2020-11-20T11:02:41.327,,2020-02-07,TZD,,TZD07022020,3967,,,0.177459,,,31664299.17,178432059.409
297,,2020-11-20T11:02:41.305,,2020-02-10,TZD,,TZD10022020,3973,,,0.175242,,,31784357.49,181373759.409
298,,2020-11-20T11:02:41.281,,2020-02-11,TZD,,TZD11022020,3973,,,0.172021,,,30561931.65,177663659.409
299,,2020-11-20T11:02:41.258,,2020-02-12,TZD,,TZD12022020,3965,,,0.1743,,,31361539.6,179928559.409
300,,2020-11-20T11:02:41.23,,2020-02-13,TZD,,TZD13022020,3964,,,0.175593,,,32587637.61,185585759.409
301,,2020-11-20T11:02:41.206,,2020-02-14,TZD,,TZD14022020,3967,,,0.176366,,,33364657.38,189178859.409
302,,2020-11-20T11:06:14.166,,2020-02-17,TZD,,TZD17022020,3965,,,0.176448,,,33185821.56,188077359.409
303,,2020-11-20T11:06:14.14,,2020-02-18,TZD,,TZD18022020,3981,,,0.17697,,,34143812.75,192935759.409
304,,2020-11-20T11:06:14.113,,2020-02-19,TZD,,TZD19022020,3983,,,0.17581,,,34671292.08,197208459.409
305,,2020-11-20T11:06:14.091,,2020-02-20,TZD,,TZD20022020,3984,,,0.175385,,,34891722.45,198943659.409
306,,2020-11-20T11:06:14.07,,2020-02-21,TZD,,TZD21022020,3982,,,0.169424,,,32738679.0,193234859.409
307,,2020-11-20T11:06:14.047,,2020-02-24,TZD,,TZD24022020,3976,,,0.171476,,,33481605.72,195255059.409
308,,2020-11-20T11:06:14.025,,2020-02-25,TZD,,TZD25022020,3977,,,0.168797,,,33191909.96,196638259.409
309,,2020-11-20T11:06:14.001,,2020-02-26,TZD,,TZD26022020,3968,,,0.16808,,,32909021.42,195793359.409
310,,2020-11-20T11:06:13.976,,2020-02-27,TZD,,TZD27022020,3972,,,0.168851,,,33344244.11,197476759.409
311,,2020-11-20T11:06:13.95,,2020-02-28,TZD,,TZD28022020,3970,,,0.161538,,,32076006.92,198566159.409
312,,2020-11-20T11:08:07.263,,2020-03-02,TZD,,TZD02032020,3973,,,0.155296,,,30657261.13,197411682.409
313,,2020-11-20T11:08:07.242,,2020-03-03,TZD,,TZD03032020,3983,,,0.157378,,,31119445.29,197737482.409
314,,2020-11-20T11:08:07.157,,2020-03-04,TZD,,TZD04032020,3993,,,0.163506,,,33399350.53,204270382.409
315,,2020-11-20T11:08:07.135,,2020-03-05,TZD,,TZD05032020,4008,,,0.162212,,,32931943.83,203018182.409
316,,2020-11-20T11:08:07.114,,2020-03-06,TZD,,TZD06032020,4003,,,0.16322,,,33399854.19,204630882.409
317,,2020-11-20T11:08:07.093,,2020-03-09,TZD,,TZD09032020,4006,,,0.159702,,,33692540.06,210971582.409
318,,2020-11-20T11:08:07.072,,2020-03-10,TZD,,TZD10032020,4004,,,0.150324,,,31330133.78,208417482.409
319,,2020-11-20T11:09:08.996,,2020-03-11,TZD,,TZD11032020,4007,,,0.146273,,,30123832.48,205943182.409
320,,2020-11-20T11:09:08.972,,2020-03-12,TZD,,TZD12032020,4013,,,0.145547,,,30549419.11,209894482.409
321,,2020-11-20T11:09:08.95,,2020-03-13,TZD,,TZD13032020,4021,,,0.135104,,,29116639.21,215512682.409
322,,2020-11-20T11:09:08.927,,2020-03-16,TZD,,TZD16032020,4041,,,0.138525,,,30298778.64,218723882.409
323,,2020-11-20T11:09:08.903,,2020-03-17,TZD,,TZD17032020,4064,,,0.127282,,,28187221.25,221455582.409
324,,2020-11-20T11:09:08.879,,2020-03-18,TZD,,TZD18032020,4076,,,0.126548,,,28124669.46,222244282.409
325,,2020-11-20T11:09:08.856,,2020-03-19,TZD,,TZD19032020,4075,,,0.124346,,,28510367.41,229282482.409
326,,2020-11-20T11:09:08.831,,2020-03-20,TZD,,TZD20032020,4089,,,0.123663,,,28663679.81,231788182.409
327,,2020-11-20T11:09:49.871,,2020-03-23,TZD,,TZD23032020,4099,,,0.12508,,,29124999.8,232850382.409
328,,2020-11-20T11:09:49.825,,2020-03-24,TZD,,TZD24032020,4115,,,0.122975,,,29512981.15,239992282.409
329,,2020-11-20T11:09:49.79,,2020-03-25,TZD,,TZD25032020,4113,,,0.130534,,,30998787.42,237476382.409
330,,2020-11-20T11:09:49.749,,2020-03-26,TZD,,TZD26032020,4138,,,0.130522,,,30939229.34,237042782.409
331,,2020-11-20T11:09:49.714,,2020-03-27,TZD,,TZD27032020,4136,,,0.134214,,,32303972.86,240689482.409
332,,2020-11-20T11:09:49.678,,2020-03-30,TZD,,TZD30032020,4141,,,0.129365,,,30433968.44,235256882.409
333,,2020-11-20T11:09:49.629,,2020-03-31,TZD,,TZD31032020,4141,,,0.129325,,,30310101.76,234371682.409
334,,2020-11-20T11:11:26.596,,2020-04-01,TZD,,TZD01042020,4147,,,0.131164,,,30727823.61,234271082.409
335,,2020-11-20T11:11:26.571,,2020-04-02,TZD,,TZD02042020,4162,,,0.130255,,,30804591.03,236494982.409
336,,2020-11-20T11:11:26.542,,2020-04-03,TZD,,TZD03042020,4171,,,0.131226,,,31387327.01,239185582.409
337,,2020-11-20T11:11:26.519,,2020-04-06,TZD,,TZD06042020,4174,,,0.131418,,,31417809.04,239068628.409
338,,2020-11-20T11:11:26.497,,2020-04-07,TZD,,TZD07042020,4199,,,0.13526,,,31590692.23,233555128.409
339,,2020-11-20T11:11:26.474,,2020-04-08,TZD,,TZD08042020,4214,,,0.135865,,,35871482.62,264023828.409
340,,2020-11-20T11:11:26.397,,2020-04-09,TZD,,TZD09042020,4228,,,0.136986,,,36147870.02,263880928.409
341,,2020-11-20T11:11:26.371,,2020-04-10,TZD,,TZD10042020,4236,,,0.140572,,,37196114.96,264605828.409
342,,2020-11-20T11:12:11.218,,2020-04-13,TZD,,TZD13042020,4247,,,0.141323,,,37673605.72,266578028.409
343,,2020-11-20T11:12:11.194,,2020-04-14,TZD,,TZD14042020,4277,,,0.141245,,,35234303.25,249454628.409
344,,2020-11-20T11:12:11.17,,2020-04-15,TZD,,TZD15042020,4286,,,0.145272,,,36807237.17,253368233.409
345,,2020-11-20T11:12:11.147,,2020-04-16,TZD,,TZD16042020,4293,,,0.141621,,,39278997.02,277352233.409
346,,2020-11-20T11:12:11.109,,2020-04-17,TZD,,TZD17042020,4289,,,0.142534,,,40147567.82,281669233.409
347,,2020-11-20T11:12:11.08,,2020-04-20,TZD,,TZD20042020,4289,,,0.144897,,,43700024.62,301593433.409
348,,2020-11-20T11:13:03.63,,2020-04-21,TZD,,TZD21042020,4322,,,0.146213,,,44009214.01,300994433.409
349,,2020-11-20T11:13:03.606,,2020-04-22,TZD,,TZD22042020,4327,,,0.144584,,,43626622.98,301739833.409
350,,2020-11-20T11:13:03.582,,2020-04-24,TZD,,TZD24042020,4324,,,0.14554,,,43701161.89,300269833.409
351,,2020-11-20T11:13:03.556,,2020-04-27,TZD,,TZD27042020,4332,,,0.146409,,,44828981.99,306189833.409
352,,2020-11-20T11:13:03.522,,2020-04-28,TZD,,TZD28042020,4352,,,0.150514,,,45745230.78,303926633.409
353,,2020-11-20T11:13:03.492,,2020-04-29,TZD,,TZD29042020,4378,,,0.150042,,,47106608.08,313956333.409
354,,2020-11-20T11:13:03.461,,2020-04-30,TZD,,TZD30042020,4393,,,0.151981,,,48035656.36,316062933.409
355,,2020-11-20T11:13:43.644,,2020-05-04,TZD,,TZD04052020,4395,,,0.151506,,,47632672.88,314394333.409
356,,2020-11-20T11:13:42.962,,2020-05-05,TZD,,TZD05052020,4418,,,0.148075,,,47011334.81,317483133.409
357,,2020-11-20T11:13:42.928,,2020-05-06,TZD,,TZD06052020,4400,,,0.148444,,,47840987.48,322282533.409
358,,2020-11-20T11:13:42.894,,2020-05-07,TZD,,TZD07052020,4384,,,0.148457,,,47615737.77,320738256.409
359,,2020-11-20T11:13:42.862,,2020-05-08,TZD,,TZD08052020,4391,,,0.148217,,,46973602.91,316924956.409
360,,2020-11-20T11:14:12.916,,2020-05-11,TZD,,TZD11052020,4406,,,0.146968,,,47109699.17,320543956.409
361,,2020-11-20T11:14:12.894,,2020-05-12,TZD,,TZD12052020,4415,,,0.147257,,,48254872.72,327691856.409
362,,2020-11-20T11:14:12.864,,2020-05-13,TZD,,TZD13052020,4421,,,0.150269,,,49848330.42,331727556.409
363,,2020-11-20T11:14:12.84,,2020-05-14,TZD,,TZD14052020,4421,,,0.151253,,,51499075.15,340483056.409
364,,2020-11-20T11:14:12.816,,2020-05-15,TZD,,TZD15052020,4424,,,0.150135,,,50613507.52,337119056.409
365,,2020-11-20T11:14:12.79,,2020-05-18,TZD,,TZD18052020,4423,,,0.150681,,,50610531.45,335877956.409
366,,2020-11-20T11:14:12.745,,2020-05-20,TZD,,TZD20052020,4440,,,0.153328,,,51299234.61,334572356.409
367,,2020-11-20T11:14:55.103,,2020-05-21,TZD,,TZD21052020,4464,,,0.154173,,,51638156.41,334937356.409
368,,2020-11-20T11:14:55.074,,2020-05-22,TZD,,TZD22052020,4452,,,0.154636,,,52400272.97,338862429.409
369,,2020-11-20T11:14:55.049,,2020-05-27,TZD,,TZD27052020,4460,,,0.15454,,,52846138.3,341958229.409
370,,2020-11-20T11:14:55.024,,2020-05-28,TZD,,TZD28052020,4507,,,0.156623,,,53749000.64,343173529.409
371,,2020-11-20T11:14:54.939,,2020-05-29,TZD,,TZD29052020,4510,,,0.157096,,,54444555.34,346568729.409
372,,2020-11-20T11:15:42.418,,2020-06-01,TZD,,TZD01062020,4512,,,0.157136,,,53903218.66,343036529.409
373,,2020-11-20T11:15:42.393,,2020-06-02,TZD,,TZD02062020,4521,,,0.159821,,,54253280.22,339463729.409
374,,2020-11-20T11:15:42.363,,2020-06-03,TZD,,TZD03062020,4519,,,0.161391,,,55988510.86,346911329.409
375,,2020-11-20T11:15:42.337,,2020-06-04,TZD,,TZD04062020,4524,,,0.162286,,,56286601.45,346836829.409
376,,2020-11-20T11:15:42.31,,2020-06-05,TZD,,TZD05062020,4540,,,0.162308,,,56526805.94,348268329.409
377,,2020-11-20T11:15:42.282,,2020-06-08,TZD,,TZD08062020,4538,,,0.163223,,,58432607.04,357992329.409
378,,2020-11-20T11:15:42.24,,2020-06-09,TZD,,TZD09062020,4557,,,0.162836,,,58098191.26,356790129.409
379,,2020-11-20T11:15:42.126,,2020-06-10,TZD,,TZD10062020,4556,,,0.162132,,,59062690.48,364288729.409
380,,2020-11-20T11:16:26.225,,2020-06-11,TZD,,TZD11062020,4521,,,0.163625,,,57234414.5,349791129.409
381,,2020-11-20T11:16:26.2,,2020-06-12,TZD,,TZD12062020,4518,,,0.163206,,,56723450.96,347556929.409
382,,2020-11-20T11:16:26.174,,2020-06-15,TZD,,TZD15062020,4514,,,0.164256,,,57145116.7,347901829.409
383,,2020-11-20T11:16:26.079,,2020-06-16,TZD,,TZD16062020,4507,,,0.163672,,,56211107.84,343438129.409
384,,2020-11-20T11:16:26.049,,2020-06-17,TZD,,TZD17062020,4501,,,0.165585,,,56718817.51,342536529.409
385,,2020-11-20T11:16:26.025,,2020-06-18,TZD,,TZD18062020,4498,,,0.165899,,,56786942.27,342298729.409
386,,2020-11-20T11:16:26.001,,2020-06-19,TZD,,TZD19062020,4506,,,0.168393,,,57668208.97,342462229.409
387,,2020-11-20T11:17:01.76,,2020-06-22,TZD,,TZD22062020,4511,,,0.170122,,,58851910.01,345939229.409
388,,2020-11-20T11:17:01.736,,2020-06-23,TZD,,TZD23062020,4535,,,0.171797,,,59485788.23,346255929.409
389,,2020-11-20T11:17:01.712,,2020-06-24,TZD,,TZD24062020,4544,,,0.1722,,,60198543.87,349585629.409
390,,2020-11-20T11:17:01.681,,2020-06-25,TZD,,TZD25062020,4554,,,0.171046,,,60849455.82,355748229.409
391,,2020-11-20T11:17:01.653,,2020-06-26,TZD,,TZD26062020,4551,,,0.170272,,,59881095.61,351678349.409
392,,2020-11-20T11:17:01.63,,2020-06-29,TZD,,TZD29062020,4540,,,0.170933,,,60153603.1,351914149.409
393,,2020-11-20T11:17:01.536,,2020-06-30,TZD,,TZD30062020,4545,,,0.172983,,,61044440.8,352892749.409
394,,2020-11-20T11:18:12.535,,2020-07-01,TZD,,TZD01072020,4544,,,0.17433,,,61209072.87,351109949.409
395,,2020-11-20T11:18:12.482,,2020-07-02,TZD,,TZD02072020,4556,,,0.172646,,,62476020.54,361874520.409
396,,2020-11-20T11:18:12.425,,2020-07-03,TZD,,TZD03072020,4564,,,0.175019,,,64391131.65,367909120.409
397,,2020-11-20T11:18:12.386,,2020-07-06,TZD,,TZD06072020,4575,,,0.173589,,,64678617.42,372595320.409
398,,2020-11-20T11:18:12.349,,2020-07-07,TZD,,TZD07072020,4595,,,0.176977,,,67822660.43,383229620.409
399,,2020-11-20T11:18:12.303,,2020-07-08,TZD,,TZD08072020,4593,,,0.177853,,,67733499.57,380839934.409
400,,2020-11-20T11:18:12.189,,2020-07-09,TZD,,TZD09072020,4577,,,0.177465,,,65484650.18,368999634.409
401,,2020-11-20T11:18:12.165,,2020-07-10,TZD,,TZD10072020,4562,,,0.173264,,,64119351.28,370068157.409
402,,2020-11-20T11:18:54.391,,2020-07-13,TZD,,TZD13072020,4552,,,0.171379,,,63382169.58,369835757.409
403,,2020-11-20T11:18:54.363,,2020-07-14,TZD,,TZD14072020,4544,,,0.176453,,,64027984.98,362860957.409
404,,2020-11-20T11:18:54.334,,2020-07-16,TZD,,TZD16072020,4522,,,0.175941,,,63078387.58,358520657.409
405,,2020-11-20T11:18:54.307,,2020-07-17,TZD,,TZD17072020,4532,,,0.17736,,,63939442.67,360507257.409
406,,2020-11-20T11:18:54.202,,2020-07-20,TZD,,TZD20072020,4512,,,0.177976,,,63105348.61,354572757.409
407,,2020-11-20T11:19:24.891,,2020-07-21,TZD,,TZD21072020,4511,,,0.178171,,,62915231.59,353116957.409
408,,2020-11-20T11:19:24.864,,2020-07-22,TZD,,TZD22072020,4494,,,0.177097,,,60152914.33,339660857.409
409,,2020-11-20T11:19:24.839,,2020-07-23,TZD,,TZD23072020,4477,,,0.177482,,,61068198.75,344080404.409
410,,2020-11-20T11:19:24.805,,2020-07-24,TZD,,TZD24072020,4473,,,0.178616,,,61069633.63,341904527.409
411,,2020-11-20T11:19:24.763,,2020-07-27,TZD,,TZD27072020,4461,,,0.178524,,,62003854.43,347313127.409
412,,2020-11-20T11:19:24.601,,2020-07-28,TZD,,TZD28072020,4459,,,0.18014,,,56357030.01,312851727.409
413,,2020-11-20T11:19:24.538,,2020-07-29,TZD,,TZD29072020,4430,,,0.17406,,,52380175.82,300932086.409
414,,2020-11-20T11:19:24.503,,2020-07-30,TZD,,TZD30072020,4429,,,0.171768,,,51141643.7,297736686.409
415,,2020-11-20T11:21:17.769,,2020-08-04,TZD,,TZD04082020,4425,,,0.170518,,,48952915.54,287084386.409
416,,2020-11-20T11:21:17.724,,2020-08-05,TZD,,TZD05082020,4432,,,0.165286,,,47326500.33,286331586.409
417,,2020-11-20T11:21:17.673,,2020-08-06,TZD,,TZD06082020,4431,,,0.165452,,,46980032.65,283949586.409
418,,2020-11-20T11:21:17.602,,2020-08-07,TZD,,TZD07082020,4422,,,0.157232,,,44795965.82,284902786.409
419,,2020-11-20T11:21:17.574,,2020-08-10,TZD,,TZD10082020,4416,,,0.161604,,,45247686.47,279990686.409
420,,2020-11-20T11:22:13.664,,2020-08-11,TZD,,TZD11082020,4401,,,0.163563,,,45851492.73,280329886.409
421,,2020-11-20T11:22:13.637,,2020-08-12,TZD,,TZD12082020,4426,,,0.167581,,,47590082.31,283982886.409
422,,2020-11-20T11:22:13.607,,2020-08-13,TZD,,TZD13082020,4441,,,0.167667,,,49930337.94,297794186.409
423,,2020-11-20T11:22:13.58,,2020-08-14,TZD,,TZD14082020,4443,,,0.165272,,,49703161.89,300734786.409
424,,2020-11-20T11:22:13.543,,2020-08-17,TZD,,TZD17082020,4442,,,0.162734,,,49098095.0,301708586.409
425,,2020-11-20T11:22:13.496,,2020-08-18,TZD,,TZD18082020,4434,,,0.163008,,,49019106.15,300715286.409
426,,2020-11-20T11:22:13.455,,2020-08-19,TZD,,TZD19082020,4437,,,0.163994,,,49230709.42,300198386.409
427,,2020-11-20T11:22:13.405,,2020-08-20,TZD,,TZD20082020,4438,,,0.168993,,,51037712.81,302011444.409
428,,2020-11-20T11:23:02.603,,2020-08-21,TZD,,TZD21082020,4444,,,0.169823,,,50771446.83,298967418.409
429,,2020-11-20T11:23:02.576,,2020-08-24,TZD,,TZD24082020,4435,,,0.166805,,,49339161.52,295789118.409
430,,2020-11-20T11:23:02.549,,2020-08-25,TZD,,TZD25082020,4442,,,0.166402,,,48531736.83,291654018.409
431,,2020-11-20T11:23:02.524,,2020-08-26,TZD,,TZD26082020,4429,,,0.163249,,,47097916.98,288504118.409
432,,2020-11-20T11:23:02.494,,2020-08-27,TZD,,TZD27082020,4421,,,0.164231,,,46823434.37,285106865.409
433,,2020-11-20T11:23:02.456,,2020-08-28,TZD,,TZD28082020,4422,,,0.16569,,,47468486.07,286489365.409
434,,2020-11-20T11:23:02.351,,2020-08-31,TZD,,TZD31082020,4415,,,0.164968,,,47418298.27,287438765.409
435,,2020-11-20T11:24:04.696,,2020-09-01,TZD,,TZD01092020,4414,,,0.162513,,,46406091.01,285553865.409
436,,2020-11-20T11:24:04.645,,2020-09-02,TZD,,TZD02092020,4408,,,0.163333,,,46263689.6,283247065.409
437,,2020-11-20T11:24:04.605,,2020-09-03,TZD,,TZD03092020,4402,,,0.163267,,,45803742.75,280545231.409
438,,2020-11-20T11:24:04.56,,2020-09-04,TZD,,TZD04092020,4396,,,0.162849,,,45103572.34,276966131.409
439,,2020-11-20T11:24:04.526,,2020-09-07,TZD,,TZD07092020,4387,,,0.163565,,,44373893.67,271292131.409
440,,2020-11-20T11:24:04.486,,2020-09-08,TZD,,TZD08092020,4385,,,0.164995,,,44902395.41,272143831.409
441,,2020-11-20T11:24:04.448,,2020-09-09,TZD,,TZD09092020,4377,,,0.163811,,,44534360.8,271865031.409
442,,2020-11-20T11:24:04.408,,2020-09-10,TZD,,TZD10092020,4370,,,0.165488,,,44860972.87,271082731.409
443,,2020-11-20T11:24:54.072,,2020-09-11,TZD,,TZD11092020,4366,,,0.165371,,,44586809.49,269616931.409
444,,2020-11-20T11:24:54.042,,2020-09-14,TZD,,TZD14092020,4353,,,0.16536,,,44390302.4,268446531.409
445,,2020-11-20T11:24:54.015,,2020-09-15,TZD,,TZD15092020,4358,,,0.166417,,,44455805.38,267135531.409
446,,2020-11-20T11:24:53.985,,2020-09-16,TZD,,TZD16092020,4348,,,0.167187,,,44358612.65,265324031.409
447,,2020-11-20T11:24:53.948,,2020-09-17,TZD,,TZD17092020,4340,,,0.16714,,,44321134.29,265174131.409
448,,2020-11-20T11:24:53.836,,2020-09-18,TZD,,TZD18092020,4330,,,0.16795,,,44168813.17,262988531.409
449,,2020-11-20T11:25:50.921,,2020-09-21,TZD,,TZD21092020,4328,,,0.168,,,44035250.59,262114531.409
450,,2020-11-20T11:25:50.895,,2020-09-22,TZD,,TZD22092020,4325,,,0.164575,,,43261610.62,262868476.409
451,,2020-11-20T11:25:50.87,,2020-09-23,TZD,,TZD23092020,4332,,,0.166092,,,43663768.15,262889376.409
452,,2020-11-20T11:25:50.836,,2020-09-24,TZD,,TZD24092020,4318,,,0.167277,,,43971029.6,262863376.409
453,,2020-11-20T11:25:50.788,,2020-09-25,TZD,,TZD25092020,4316,,,0.170424,,,45072541.58,264472276.409
454,,2020-11-20T11:25:50.754,,2020-09-28,TZD,,TZD28092020,4317,,,0.171455,,,45331111.56,264391176.409
455,,2020-11-20T11:25:50.714,,2020-09-29,TZD,,TZD29092020,4316,,,0.171319,,,47131085.74,275107176.409
456,,2020-11-20T11:25:50.671,,2020-09-30,TZD,,TZD30092020,4304,,,0.171653,,,46834490.32,272844076.409
457,,2020-11-20T11:27:20.895,,2020-10-01,TZD,,TZD01102020,4290,,,0.174905,,,47449171.45,271285276.409
458,,2020-11-20T11:27:20.868,,2020-10-02,TZD,,TZD02102020,4292,,,0.174751,,,47952736.12,274406676.409
459,,2020-11-20T11:27:20.842,,2020-10-05,TZD,,TZD05102020,4280,,,0.174733,,,46139394.09,264057176.409
460,,2020-11-20T11:27:20.817,,2020-10-06,TZD,,TZD06102020,4279,,,0.177118,,,46438823.91,262190776.409
461,,2020-11-20T11:27:20.793,,2020-10-07,TZD,,TZD07102020,4277,,,0.175635,,,45775385.95,260628576.409
462,,2020-11-20T11:27:20.769,,2020-10-08,TZD,,TZD08102020,4275,,,0.175203,,,45568847.14,260091876.409
463,,2020-11-20T11:27:20.745,,2020-10-09,TZD,,TZD09102020,4271,,,0.17498,,,45293625.44,258850576.409
464,,2020-11-20T11:30:28.835,,2020-10-12,TZD,,TZD12102020,4266,,,0.177214,,,46004358.46,259597476.409
465,,2020-11-20T11:30:28.804,,2020-10-13,TZD,,TZD13102020,4278,,,0.179434,,,46605565.05,259736776.409
466,,2020-11-20T11:30:28.78,,2020-10-14,TZD,,TZD14102020,4263,,,0.178821,,,47113297.69,263466076.409
467,,2020-11-20T11:30:28.752,,2020-10-15,TZD,,TZD15102020,4257,,,0.18126,,,46946074.5,258998803.059
468,,2020-11-20T11:30:28.723,,2020-10-16,TZD,,TZD16102020,4255,,,0.179958,,,46310258.44,257339703.061
469,,2020-11-20T11:30:28.686,,2020-10-19,TZD,,TZD19102020,4246,,,0.181539,,,47520358.19,261764393.061
470,,2020-11-20T11:30:28.656,,2020-10-20,TZD,,TZD20102020,4250,,,0.183661,,,47771644.25,260107693.061
471,,2020-11-20T11:31:27.126,,2020-10-21,TZD,,TZD21102020,4247,,,0.184355,,,46623362.43,252900193.061
472,,2020-11-20T11:31:26.993,,2020-10-22,TZD,,TZD22102020,4255,,,0.184376,,,46169480.72,250409693.061
473,,2020-11-20T11:31:26.961,,2020-10-23,TZD,,TZD23102020,4243,,,0.182221,,,46434044.33,254821993.061
474,,2020-11-20T11:31:26.901,,2020-10-26,TZD,,TZD26102020,4237,,,0.179806,,,45043367.78,250510893.061
475,,2020-11-20T11:31:26.87,,2020-10-27,TZD,,TZD27102020,4223,,,0.171246,,,37517630.26,219086093.061
476,,2020-11-20T11:31:26.842,,2020-10-28,TZD,,TZD28102020,4207,,,0.17122,,,36994475.18,216064593.061
477,,2020-11-20T11:31:26.812,,2020-10-30,TZD,,TZD30102020,4201,,,0.166195,,,35760809.61,215173893.061
478,,2020-12-01T10:03:18.833,,2020-11-02,TZD,,TZD02112020,4222,,,0.162535,,,35070196.83,215769693.061
479,,2020-12-01T10:03:18.788,,2020-11-03,TZD,,TZD03112020,4239,,,0.16539,,,33838583.17,204598893.061
480,,2020-12-01T10:03:18.751,,2020-11-04,TZD,,TZD04112020,4233,,,0.167488,,,35612237.2,212624978.061
481,,2020-12-01T10:03:18.716,,2020-11-05,TZD,,TZD05112020,4238,,,0.169705,,,35501363.63,209193978.061
482,,2020-12-01T10:03:18.673,,2020-11-06,TZD,,TZD06112020,4234,,,0.171885,,,35910452.05,208921478.061
483,,2020-12-01T10:03:18.633,,2020-11-09,TZD,,TZD09112020,4229,,,0.173523,,,36487044.32,210272378.061
484,,2020-12-01T10:03:18.6,,2020-11-10,TZD,,TZD10112020,4227,,,0.179074,,,36479934.52,203713778.061
485,,2020-12-01T10:04:35.154,,2020-11-11,TZD,,TZD11112020,4226,,,0.180911,,,35849084.95,198158278.061
486,,2020-12-01T10:04:35.128,,2020-11-12,TZD,,TZD12112020,4227,,,0.187053,,,34825582.37,186179978.061
487,,2020-12-01T10:04:35.099,,2020-11-13,TZD,,TZD13112020,4230,,,0.186532,,,33803896.17,181222778.061
488,,2020-12-01T10:04:35.072,,2020-11-16,TZD,,TZD16112020,4213,,,0.189629,,,34892954.16,184006078.061
489,,2020-12-01T10:04:35.034,,2020-11-17,TZD,,TZD17112020,4212,,,0.189527,,,34182863.29,180358678.061
490,,2020-12-01T10:04:34.996,,2020-11-18,TZD,,TZD18112020,4193,,,0.184358,,,33905208.41,183909478.061
491,,2020-12-01T10:04:34.959,,2020-11-19,TZD,,TZD19112020,4174,,,0.188956,,,33897514.96,179393508.061
492,,2020-12-01T10:04:34.919,,2020-11-20,TZD,,TZD20112020,4151,,,0.193663,,,34364666.82,177445566.061
493,,2020-12-01T10:05:35.706,,2020-11-23,TZD,,TZD23112020,4153,,,0.194557,,,33965791.01,174580066.061
494,,2020-12-01T10:05:35.671,,2020-11-24,TZD,,TZD24112020,4153,,,0.191638,,,32617976.01,170206552.061
495,,2020-12-01T10:05:35.64,,2020-11-25,TZD,,TZD25112020,4140,,,0.191743,,,30942732.22,161375952.061
496,,2020-12-01T10:05:35.612,,2020-11-26,TZD,,TZD26112020,4135,,,0.191647,,,31508153.35,164407052.061
497,,2020-12-01T10:05:35.581,,2020-11-27,TZD,,TZD27112020,4128,,,0.193825,,,32220886.01,166237252.061
498,,2020-12-01T10:05:35.554,,2020-11-30,TZD,,TZD30112020,4124,,,0.192099,,,30682185.81,159720952.061
499,,2020-12-01T23:00:02.033,,2020-12-01,TZD,,TZD01122020,1199,,,0.185557,,,29027694.83,156435452.061
500,,2020-12-02T23:00:07.201,,2020-12-02,TZD,,TZD02122020,1194,,,0.191196,,,29636283.92,155004942.061
501,,2020-12-03T23:00:01.936,,2020-12-03,TZD,,TZD03122020,1193,,,0.191561,,,30090225.75,157078842.061
502,,2020-12-04T23:00:28.437,,2020-12-04,TZD,,TZD04122020,1202,,,0.192828,,,31237068.47,161994442.061
503,,2020-12-07T23:00:03.576,,2020-12-07,TZD,,TZD07122020,1195,,,0.19337,,,30537391.26,157922242.061
504,,2020-12-08T23:00:00.835,,2020-12-08,TZD,,TZD08122020,1190,,,0.19264,,,30091794.68,156207142.061
505,,2020-12-09T23:00:00.813,,2020-12-09,TZD,,TZD09122020,1191,,,0.193575,,,30326873.54,156667542.061
506,,2020-12-10T23:00:09.907,,2020-12-10,TZD,,TZD10122020,1184,,,0.196203,,,29702597.14,151387442.061
507,,2020-12-11T23:00:00.833,,2020-12-11,TZD,,TZD11122020,1176,,,0.196322,,,29706860.63,151316942.061
508,,2020-12-14T23:00:02.734,,2020-12-14,TZD,,TZD14122020,1172,,,0.19798,,,29943174.39,151243657.061
509,,2020-12-15T23:00:01.161,,2020-12-15,TZD,,TZD15122020,1173,,,0.200484,,,30001829.12,149647257.061
510,,2020-12-16T23:00:02.888,,2020-12-16,TZD,,TZD16122020,1171,,,0.201374,,,29116374.44,144588257.061
511,,2020-12-17T23:00:04.479,,2020-12-17,TZD,,TZD17122020,1169,,,0.200396,,,29248009.05,145951296.061
512,,2020-12-18T23:00:01.486,,2020-12-18,TZD,,TZD18122020,1167,,,0.201312,,,30389896.88,150959496.061
513,,2020-12-21T23:00:02.769,,2020-12-21,TZD,,TZD21122020,1178,,,0.202056,,,30205227.39,149489496.061
514,,2020-12-22T23:00:02.707,,2020-12-22,TZD,,TZD22122020,1174,,,0.198532,,,29788139.14,150041796.061
515,,2020-12-23T23:00:00.857,,2020-12-23,TZD,,TZD23122020,1179,,,0.201607,,,29451470.01,146083496.061
516,,2020-12-24T23:00:00.798,,2020-12-24,TZD,,TZD24122020,1170,,,0.202729,,,29904825.77,147511196.061
517,,2020-12-25T23:00:00.999,,2020-12-25,TZD,,TZD25122020,1172,,,0.204076,,,30252719.93,148242096.061
518,,2020-12-28T23:00:00.789,,2020-12-28,TZD,,TZD28122020,1177,,,0.204622,,,30982528.28,151413396.061
519,,2020-12-29T23:00:00.792,,2020-12-29,TZD,,TZD29122020,1181,,,0.206365,,,31474387.5,152517696.061
520,,2020-12-30T23:00:00.831,,2020-12-30,TZD,,TZD30122020,1192,,,0.207895,,,31859327.53,153247496.061
521,,2020-12-31T23:00:01.076,,2020-12-31,TZD,,TZD31122020,1189,,,0.210184,,,32484154.43,154550696.061
522,,2021-01-04T23:00:00.787,,2021-01-04,TZD,,TZD04012021,1190,,,0.210413,,,32332482.59,153661996.061
523,,2021-01-05T23:00:01.646,,2021-01-05,TZD,,TZD05012021,1203,,,0.213937,,,33575669.35,156942203.061
524,,2021-01-06T23:00:02.877,,2021-01-06,TZD,,TZD06012021,1224,,,0.213351,,,34094134.36,159802903.061
525,,2021-01-07T23:00:00.821,,2021-01-07,TZD,,TZD07012021,1239,,,0.215485,,,35267101.14,163663903.061
526,,2021-01-08T23:00:09.801,,2021-01-08,TZD,,TZD08012021,1252,,,0.216838,,,40322604.24,185957503.061
527,,2021-01-11T23:00:02.612,,2021-01-11,TZD,,TZD11012021,1259,,,0.219257,,,41826085.26,190762872.061
528,,2021-01-12T23:00:01.58,,2021-01-12,TZD,,TZD12012021,1263,,,0.219311,,,42202965.55,192434172.061
529,,2021-01-13T23:00:00.947,,2021-01-13,TZD,,TZD13012021,1286,,,0.220437,,,42838382.81,194333972.061
530,,2021-01-14T23:00:01.653,,2021-01-14,TZD,,TZD14012021,1291,,,0.220974,,,42524988.97,192442972.061
531,,2021-01-15T23:00:01.022,,2021-01-15,TZD,,TZD15012021,1299,,,0.219478,,,42502279.35,193651672.061
532,,2021-01-18T23:00:02.63,,2021-01-18,TZD,,TZD18012021,1300,,,0.216976,,,42240472.16,194677672.061
533,,2021-01-19T23:00:01.781,,2021-01-19,TZD,,TZD19012021,1306,,,0.21992,,,41414595.69,188316772.061
534,,2021-01-20T23:00:04.884,,2021-01-20,TZD,,TZD20012021,1316,,,0.221093,,,40076590.54,181266072.061
535,,2021-01-21T23:00:00.754,,2021-01-21,TZD,,TZD21012021,1294,,,0.222155,,,40941780.22,184293772.061
536,,2021-01-22T23:00:05.155,,2021-01-22,TZD,,TZD22012021,1298,,,0.22039,,,40283415.46,182782072.061
537,,2021-01-25T23:00:00.993,,2021-01-25,TZD,,TZD25012021,1293,,,0.219186,,,40079440.75,182855972.061
538,,2021-01-26T23:00:01.649,,2021-01-26,TZD,,TZD26012021,1298,,,0.21845,,,39748218.49,181956072.061
539,,2021-01-27T23:00:03.596,,2021-01-27,TZD,,TZD27012021,1311,,,0.218608,,,39885048.36,182449876.061
540,,2021-01-28T23:00:00.784,,2021-01-28,TZD,,TZD28012021,1306,,,0.210204,,,36418449.06,173253076.061
541,,2021-01-29T23:00:00.856,,2021-01-29,TZD,,TZD29012021,1288,,,0.213212,,,36778109.85,172495876.061
542,,2021-02-01T23:00:00.86,,2021-02-01,TZD,,TZD01022021,1287,,,0.210091,,,36346187.14,173002476.061
543,,2021-02-02T23:00:00.916,,2021-02-02,TZD,,TZD02022021,1278,,,0.212318,,,37172871.06,175080962.061
544,,2021-02-03T23:00:00.918,,2021-02-03,TZD,,TZD03022021,1291,,,0.215364,,,37813590.77,175579762.061
545,,2021-02-04T23:00:00.828,,2021-02-04,TZD,,TZD04022021,1292,,,0.218997,,,38320608.96,174982262.061
546,,2021-02-05T23:00:00.898,,2021-02-05,TZD,,TZD05022021,1295,,,0.219506,,,38513187.7,175454262.061
547,,2021-02-08T23:00:01.936,,2021-02-08,TZD,,TZD08022021,1302,,,0.21857,,,38336752.15,175397962.061
548,,2021-02-09T12:54:02.089,,2021-02-09,TZD,,TZD09022021,1311,,,0.220048,,,38423594.54,174614262.061
549,,2021-02-10T23:00:03.265,,2021-02-10,TZD,,TZD10022021,1324,,,0.221256,,,38636733.57,174624862.061
550,,2021-02-11T23:00:01.231,,2021-02-11,TZD,,TZD11022021,1314,,,0.221675,,,38130642.66,172011462.061
551,,2021-02-12T23:00:00.772,,2021-02-12,TZD,,TZD12022021,1315,,,0.221527,,,39856579.95,179917862.061
552,,2021-02-15T23:00:01.634,,2021-02-15,TZD,,TZD15022021,1306,,,0.220488,,,39516230.36,179222062.061
553,,2021-02-16T23:00:01.597,,2021-02-16,TZD,,TZD16022021,1308,,,0.22313,,,37596231.81,168495062.061
554,,2021-02-17T23:00:01.664,,2021-02-17,TZD,,TZD17022021,1310,,,0.220759,,,37322954.94,169066462.061
555,,2021-02-18T23:00:00.766,,2021-02-18,TZD,,TZD18022021,1306,,,0.219714,,,35882288.74,163313562.061
556,,2021-02-19T23:00:00.875,,2021-02-19,TZD,,TZD19022021,1294,,,0.21928,,,35828689.08,163392462.061
557,,2021-02-22T23:00:00.808,,2021-02-22,TZD,,TZD22022021,1295,,,0.221804,,,36409707.33,164152662.061
558,,2021-02-23T23:00:00.915,,2021-02-23,TZD,,TZD23022021,1292,,,0.220665,,,35905002.13,162713062.061
559,,2021-02-24T23:00:00.867,,2021-02-24,TZD,,TZD24022021,1302,,,0.216399,,,34920256.16,161369933.061
560,,2021-02-25T12:54:00.778,,2021-02-25,TZD,,TZD25022021,1290,,,0.211838,,,32105297.39,151555933.061
561,,2021-02-26T14:45:35.935,,2021-02-26,TZD,,TZD26022021,1288,,,0.213658,,,31472554.28,147303133.06
562,,2021-03-02T10:49:11.114,,2021-03-01,TZD,,TZD01032021,4191,,,0.210513,,,30663511.6,145660633.06
563,,2021-03-03T09:24:47.67,,2021-03-02,TZD,,TZD02032021,4196,,,0.216345,,,31489742.33,145553633.06
564,,2021-03-04T09:15:32.938,,2021-03-03,TZD,,TZD03032021,4194,,,0.216515,,,32526402.64,150227233.06
565,,2021-03-05T09:39:36.68,,2021-03-04,TZD,,TZD04032021,4194,,,0.216536,,,32455080.37,149882733.06
566,,2021-03-07T17:08:16.449,,2021-03-05,TZD,,TZD05032021,1285,,,0.217912,,,32170575.95,147631133.06
567,,2021-03-09T09:04:42.171,,2021-03-08,TZD,,TZD08032021,4174,,,0.218313,,,31767532.44,145513833.06
568,,2021-03-10T09:41:46.913,,2021-03-09,TZD,,TZD09032021,4174,,,0.216395,,,30995723.95,143236833.06
569,,2021-03-11T09:26:51.181,,2021-03-10,TZD,,TZD10032021,4148,,,0.218886,,,31120652.74,142177633.06
570,,2021-03-12T09:03:24.01,,2021-03-11,TZD,,TZD11032021,4139,,,0.22072,,,31319759.78,141898133.06
571,,2021-03-15T09:51:25.405,,2021-03-12,TZD,,TZD12032021,4141,,,0.21999,,,31149569.01,141595433.06
572,,2021-03-16T09:22:02.074,,2021-03-15,TZD,,TZD15032021,4135,,,0.219735,,,30801994.85,140178233.06
573,,2021-03-17T08:34:39.355,,2021-03-16,TZD,,TZD16032021,4136,,,0.218695,,,30551394.58,139698633.06
574,,2021-03-18T09:19:22.973,,2021-03-17,TZD,,TZD17032021,4127,,,0.220517,,,30629504.33,138898633.06
575,,2021-03-19T09:51:41.187,,2021-03-18,TZD,,TZD18032021,4121,,,0.219758,,,29055397.49,132215433.06
576,,2021-03-22T08:33:09.187,,2021-03-19,TZD,,TZD19032021,4111,,,0.218405,,,28447198.32,130249733.06
577,,2021-03-23T09:02:20.904,,2021-03-22,TZD,,TZD22032021,4116,,,0.214451,,,27801292.51,129639333.06
578,,2021-03-24T08:29:47.1,,2021-03-23,TZD,,TZD23032021,4142,,,0.194308,,,25115051.41,129253933.06
579,,2021-03-25T08:59:06.344,,2021-03-24,TZD,,TZD24032021,4153,,,0.193287,,,25320848.63,131001433.06
580,,2021-03-26T09:23:54.096,,2021-03-25,TZD,,TZD25032021,4184,,,0.199827,,,31403187.05,157151933.06
581,,2021-03-26T15:17:57.32,,2021-03-26,TZD,,TZD26032021,1266,,,0.198583,,,35040358.79,176451733.06
582,,2021-03-30T09:06:14.398,,2021-03-29,TZD,,TZD29032021,4192,,,0.197318,,,35785966.3,181362133.06
583,,2021-03-30T14:22:32.479,,2021-03-30,TZD,,TZD30032021,1270,,,0.198208,,,35295131.62,178071433.06
584,,2021-04-01T08:24:16.033,,2021-03-31,TZD,,TZD31032021,4194,,,0.198686,,,35356604.13,177951878.06
585,,2021-04-02T09:09:30.332,,2021-04-01,TZD,,TZD01042021,4199,,,0.198845,,,35349371.01,177773178.06
586,,2021-04-05T09:10:59.735,,2021-04-02,TZD,,TZD02042021,4207,,,0.203257,,,38432538.59,189083149.06
587,,2021-04-09T23:00:02.068,,2021-04-05,TZD,,TZD05042021,4214,,,0.203979,,,38032500.75,186453349.061
588,,2021-04-09T23:00:02.066,,2021-04-06,TZD,,TZD06042021,4227,,,0.205589,,,38707066.25,188273749.061
589,,2021-04-09T23:00:02.063,,2021-04-07,TZD,,TZD07042021,4229,,,0.203901,,,38444582.6,188545649.061
590,,2021-04-12T23:00:00.239,,2021-04-08,TZD,,TZD08042021,4228,,,0.203594,,,38297469.45,188107449.061
591,,2021-04-13T23:00:09.484,,2021-04-09,TZD,,TZD09042021,4227,,,0.20368,,,39141933.63,192173449.061
592,,2021-04-16T23:00:10.797,,2021-04-12,TZD,,TZD12042021,4221,,,0.20079,,,38638158.14,192431149.061
593,,2021-04-16T23:00:08.455,,2021-04-13,TZD,,TZD13042021,4224,,,0.198224,,,38113776.85,192276031.061
594,,2021-04-16T23:00:05.682,,2021-04-14,TZD,,TZD14042021,4219,,,0.198052,,,38304720.01,193407431.061
595,,2021-04-19T23:00:09.272,,2021-04-15,TZD,,TZD15042021,4217,,,0.201299,,,39537985.72,196414331.061
596,,2021-04-20T23:00:08.768,,2021-04-16,TZD,,TZD16042021,4218,,,0.201368,,,39811424.36,197704931.061
597,,2021-04-23T23:00:10.011,,2021-04-19,TZD,,TZD19042021,4219,,,0.201537,,,39411066.49,195552231.061
598,,2021-04-23T23:00:07.594,,2021-04-20,TZD,,TZD20042021,4231,,,0.197878,,,37506724.09,189544931.061
599,,2021-04-23T23:00:04.667,,2021-04-21,TZD,,TZD21042021,4228,,,0.196019,,,37564677.61,191637631.061
600,,2021-04-26T23:00:08.491,,2021-04-22,TZD,,TZD22042021,4219,,,0.191886,,,37234922.69,194046731.061
601,,2021-04-30T23:00:14.306,,2021-04-26,TZD,,TZD26042021,4221,,,0.19439,,,38304012.3,197047231.061
602,,2021-04-30T23:00:10.458,,2021-04-27,TZD,,TZD27042021,4224,,,0.1971,,,39096643.96,198359631.061
603,,2021-04-30T23:00:06.528,,2021-04-28,TZD,,TZD28042021,4238,,,0.200473,,,39385154.59,196461631.061
604,,2021-05-03T23:00:17.629,,2021-04-29,TZD,,TZD29042021,4240,,,0.199395,,,38500882.0,193088231.061
605,,2021-05-03T23:00:14.93,,2021-04-30,TZD,,TZD30042021,4233,,,0.201002,,,38633721.88,192205931.061
606,,2021-05-07T23:00:16.61,,2021-05-03,TZD,,TZD03052021,4235,,,0.200532,,,38460525.68,191792931.061
607,,2021-05-07T23:00:13.03,,2021-05-04,TZD,,TZD04052021,4249,,,0.203745,,,39083473.25,191825131.061
608,,2021-05-07T23:00:09.263,,2021-05-05,TZD,,TZD05052021,4247,,,0.204305,,,38793621.89,189880931.061
609,,2021-05-10T23:00:08.195,,2021-05-06,TZD,,TZD06052021,4248,,,0.204589,,,37694520.76,184245131.061
610,,2021-05-11T23:00:23.549,,2021-05-07,TZD,,TZD07052021,4240,,,0.206,,,37643093.87,182733531.061
611,,2021-05-14T23:00:14.811,,2021-05-10,TZD,,TZD10052021,4235,,,0.206756,,,36643740.13,177231831.061
612,,2021-05-14T23:00:11.036,,2021-05-11,TZD,,TZD11052021,4244,,,0.20942,,,36208482.17,172898931.061
613,,2021-05-14T23:00:05.371,,2021-05-12,TZD,,TZD12052021,1337,,,0.208002,,,35879375.24,172495455.061
614,,2021-05-21T23:00:13.748,,2021-05-17,TZD,,TZD17052021,4236,,,0.208127,,,35816633.12,172090355.061
615,,2021-05-21T23:00:09.852,,2021-05-18,TZD,,TZD18052021,4237,,,0.209572,,,36133369.24,172415178.061
616,,2021-05-24T23:00:12.875,,2021-05-20,TZD,,TZD20052021,4226,,,0.211391,,,36773460.09,173959478.061
617,,2021-05-25T23:00:09.229,,2021-05-21,TZD,,TZD21052021,4227,,,0.21093,,,36830389.82,174609778.061
618,,2021-05-28T23:00:10.532,,2021-05-24,TZD,,TZD24052021,4226,,,0.210924,,,36738587.07,174179378.061
619,,2021-05-28T23:00:08.115,,2021-05-25,TZD,,TZD25052021,4226,,,0.211235,,,36643844.39,173473978.061
620,,2021-05-28T23:00:05.723,,2021-05-26,TZD,,TZD26052021,4216,,,0.204467,,,35544288.53,173838878.061
621,,2021-05-31T23:00:09.593,,2021-05-27,TZD,,TZD27052021,4215,,,0.207851,,,36102678.18,173694678.061
622,,2021-06-01T23:00:08.416,,2021-05-28,TZD,,TZD28052021,4217,,,0.206493,,,37379467.58,181020478.061
623,,2021-06-04T23:00:12.29,,2021-05-31,TZD,,TZD31052021,4208,,,0.207319,,,37721493.16,181948678.061
624,,2021-06-04T23:00:09.629,,2021-06-01,TZD,,TZD01062021,4209,,,0.207381,,,37266033.65,179698178.061
625,,2021-06-04T23:00:07.227,,2021-06-02,TZD,,TZD02062021,4199,,,0.208497,,,36458272.11,174862578.061
626,,2021-06-07T23:00:09.888,,2021-06-03,TZD,,TZD03062021,4200,,,0.20814,,,36358414.92,174682178.061
627,,2021-06-08T23:00:11.602,,2021-06-04,TZD,,TZD04062021,4197,,,0.207604,,,36363151.34,175155978.061
628,,2021-06-11T23:00:13.975,,2021-06-07,TZD,,TZD07062021,4193,,,0.208015,,,36386619.91,174923078.061
629,,2021-06-11T23:00:08.777,,2021-06-08,TZD,,TZD08062021,4199,,,0.20967,,,36689829.87,174988778.061
630,,2021-06-11T23:00:05.084,,2021-06-09,TZD,,TZD09062021,4199,,,0.209715,,,36615596.44,174597178.061
631,,2021-06-14T23:00:14.849,,2021-06-10,TZD,,TZD10062021,4187,,,0.209633,,,36430861.1,173783678.061
632,,2021-06-15T23:00:12.051,,2021-06-11,TZD,,TZD11062021,4184,,,0.210483,,,36369805.63,172792378.061
633,,2021-06-18T23:00:17.883,,2021-06-14,TZD,,TZD14062021,4187,,,0.210527,,,36664520.96,174155878.061
634,,2021-06-18T23:00:13.593,,2021-06-15,TZD,,TZD15062021,4197,,,0.209701,,,36456170.35,173848078.061
635,,2021-06-18T23:00:09.087,,2021-06-16,TZD,,TZD16062021,4190,,,0.208945,,,36453905.06,174466678.061
636,,2021-06-21T23:00:11.94,,2021-06-17,TZD,,TZD17062021,4189,,,0.207351,,,35766763.14,172493878.061
637,,2021-06-22T23:00:12.754,,2021-06-18,TZD,,TZD18062021,4185,,,0.205842,,,35964488.52,174719257.061
638,,2021-06-25T23:00:15.807,,2021-06-21,TZD,,TZD21062021,4186,,,0.20278,,,35630591.63,175710157.061
639,,2021-06-25T23:00:13.099,,2021-06-22,TZD,,TZD22062021,4191,,,0.203577,,,35821610.31,175960857.061
640,,2021-06-25T23:00:10.431,,2021-06-23,TZD,,TZD23062021,4185,,,0.205144,,,36498069.94,177914657.061
641,,2021-06-28T23:00:10.387,,2021-06-24,TZD,,TZD24062021,4186,,,0.20421,,,36329487.44,177902157.061
642,,2021-06-29T23:00:07.977,,2021-06-25,TZD,,TZD25062021,4186,,,0.205526,,,36574606.06,177955857.061
643,,2021-07-02T23:00:12.155,,2021-06-28,TZD,,TZD28062021,4183,,,0.20405,,,36190017.84,177358857.061
644,,2021-07-02T23:00:09.822,,2021-06-29,TZD,,TZD29062021,4186,,,0.201259,,,35363062.37,175709257.061
645,,2021-07-02T23:00:07.329,,2021-06-30,TZD,,TZD30062021,4191,,,0.201057,,,35271019.5,175427757.061
646,,2021-07-05T23:00:10.015,,2021-07-01,TZD,,TZD01072021,4187,,,0.199771,,,35072151.64,175561457.061
647,,2021-07-06T23:00:09.047,,2021-07-02,TZD,,TZD02072021,4186,,,0.20191,,,35346020.74,175058540.061
648,,2021-07-09T23:00:11.75,,2021-07-05,TZD,,TZD05072021,4188,,,0.202989,,,35474247.36,174759340.061
649,,2021-07-09T23:00:09.2,,2021-07-06,TZD,,TZD06072021,4193,,,0.205404,,,36031835.93,175419540.061
650,,2021-07-09T23:00:06.493,,2021-07-07,TZD,,TZD07072021,4193,,,0.205253,,,36169074.68,176217340.061
651,,2021-07-12T23:00:11.709,,2021-07-08,TZD,,TZD08072021,4191,,,0.206521,,,36279846.22,175671340.061
652,,2021-07-13T23:00:11.099,,2021-07-09,TZD,,TZD09072021,4186,,,0.204699,,,35952556.2,175636040.061
653,,2021-07-16T23:00:18.884,,2021-07-12,TZD,,TZD12072021,4176,,,0.205729,,,36161027.57,175770440.061
654,,2021-07-16T23:00:16.258,,2021-07-13,TZD,,TZD13072021,4178,,,0.202207,,,35393774.94,175037140.061
655,,2021-07-16T23:00:12.447,,2021-07-14,TZD,,TZD14072021,4178,,,0.201071,,,35605585.82,177079840.061
656,,2021-07-20T23:00:09.883,,2021-07-16,TZD,,TZD16072021,4178,,,0.203489,,,36148418.95,177643209.061
657,,2021-07-23T23:00:06.035,,2021-07-19,TZD,,TZD19072021,1290,,,0.203947,,,36168334.94,177342009.061
658,,2021-07-30T23:00:11.498,,2021-07-26,TZD,,TZD26072021,4183,,,0.202938,,,36225567.53,178505709.061
659,,2021-07-30T23:00:08.785,,2021-07-27,TZD,,TZD27072021,4189,,,0.203435,,,36355534.07,178708309.061
660,,2021-07-30T23:00:06.209,,2021-07-28,TZD,,TZD28072021,4177,,,0.204943,,,36404315.56,177631809.061
661,,2021-08-02T23:00:10.194,,2021-07-29,TZD,,TZD29072021,4173,,,0.205485,,,36446413.67,177367909.061
662,,2021-08-03T23:00:09.116,,2021-07-30,TZD,,TZD30072021,4173,,,0.208586,,,37151195.42,178109909.061
663,,2021-08-06T23:00:11.214,,2021-08-02,TZD,,TZD02082021,4167,,,0.20963,,,37321258.84,178034109.061
664,,2021-08-06T23:00:08.949,,2021-08-03,TZD,,TZD03082021,4170,,,0.210632,,,37412138.04,177618109.061
665,,2021-08-06T23:00:06.183,,2021-08-04,TZD,,TZD04082021,4170,,,0.211792,,,37088907.55,175119609.061
666,,2021-08-09T23:00:11.48,,2021-08-05,TZD,,TZD05082021,4166,,,0.213205,,,36868505.14,172925109.061
667,,2021-08-10T23:00:09.849,,2021-08-06,TZD,,TZD06082021,4164,,,0.215296,,,36648923.87,170225409.061
668,,2021-08-13T23:00:12.468,,2021-08-09,TZD,,TZD09082021,4161,,,0.215789,,,36611817.36,169664609.061
669,,2021-08-13T23:00:09.952,,2021-08-10,TZD,,TZD10082021,4156,,,0.215214,,,36286046.71,168604209.061
670,,2021-08-13T23:00:06.739,,2021-08-11,TZD,,TZD11082021,4138,,,0.215609,,,35781728.26,165956509.061
671,,2021-08-16T23:00:11.031,,2021-08-12,TZD,,TZD12082021,4127,,,0.211906,,,34830966.01,164369609.061
672,,2021-08-17T23:00:09.192,,2021-08-13,TZD,,TZD13082021,4119,,,0.215427,,,35274065.94,163739909.061
673,,2021-08-20T23:00:11.521,,2021-08-16,TZD,,TZD16082021,4113,,,0.216969,,,35482858.19,163539209.061
674,,2021-08-20T23:00:08.503,,2021-08-17,TZD,,TZD17082021,4117,,,0.218291,,,35905002.59,164482509.061
675,,2021-08-20T23:00:05.99,,2021-08-18,TZD,,TZD18082021,4106,,,0.219319,,,35640510.55,162505109.061
676,,2021-08-23T23:00:11.103,,2021-08-19,TZD,,TZD19082021,4107,,,0.218841,,,35501338.36,162224009.061
677,,2021-08-23T23:00:07.465,,2021-08-20,TZD,,TZD20082021,4108,,,0.218983,,,35541702.24,162303809.061
